{
  "train_loss": [
    0.6139910871218025,
    0.3696632997647619,
    0.3606663993893796,
    0.35635208957808934,
    0.3561133258201905,
    0.351260068170129,
    0.35130542403535,
    0.3509616548753489,
    0.346997168999684,
    0.344707679270692,
    0.3447852185003868,
    0.3451781440133284,
    0.3473705494705635,
    0.34233724630834683,
    0.3450684410358783,
    0.34365779274626623,
    0.3409583623902204,
    0.33954651823526694,
    0.3395144226430338,
    0.33933124914450985,
    0.3368377998659882,
    0.3350087692214467,
    0.33713053412075283,
    0.33324065817056325,
    0.33419718741113125,
    0.33236882059131495,
    0.3284943914866146,
    0.32668168660457625,
    0.3301270387846709,
    0.33053161247873103,
    0.3262514013026837,
    0.32802466098769306,
    0.32459289986121503,
    0.3247532070563312,
    0.32247768411656474,
    0.32152723939106936,
    0.3239252320824796,
    0.3170709919325913,
    0.32253158513755237,
    0.3140929197334539,
    0.31332680312641564,
    0.3127171767537604,
    0.31238255011632976,
    0.3090004618535062,
    0.30187565251744747,
    0.294189776926604,
    0.29750842610491984,
    0.2924016749305564,
    0.2920496314135282,
    0.2899222890787487,
    0.28840273826182644,
    0.2884549973886224,
    0.2836188548224888
  ],
  "train_acc": [
    0.30203112635188606,
    0.287720917963598,
    0.2868636243735162,
    0.30018464785017146,
    0.3066473226061725,
    0.2990635716169876,
    0.2980743867053548,
    0.3042073331574782,
    0.30829596412556054,
    0.3061857029807439,
    0.31489053020311264,
    0.3104062252703772,
    0.3116591928251121,
    0.316077552097072,
    0.3184515958849908,
    0.320759694012134,
    0.31963861777895014,
    0.31897916117119496,
    0.31442891057768396,
    0.3236613030862569,
    0.3223423898707465,
    0.3217488789237668,
    0.3244526510155632,
    0.32141915061988924,
    0.32339752044315484,
    0.3314428910577684,
    0.3334872065418095,
    0.33612503297283036,
    0.3438406752835663,
    0.34126879451332104,
    0.3373780005275653,
    0.33282774993405434,
    0.3465444473753627,
    0.34634661039303616,
    0.3546557636507518,
    0.3561725138485888,
    0.34647850171458716,
    0.3572276444209971,
    0.35650224215246634,
    0.36210762331838564,
    0.36118438406752834,
    0.36204167765761014,
    0.36725138485887626,
    0.3660643629649169,
    0.38096808230018464,
    0.38466103930361384,
    0.38466103930361384,
    0.3862437351622263,
    0.3857821155367977,
    0.38353996307043,
    0.3965312582432076,
    0.3895410182010024,
    0.3961355842785545
  ],
  "val_loss": [
    0.3767751359513828,
    0.34187770031747367,
    0.35429771847668146,
    0.34007714475904194,
    0.3415056552205767,
    0.3655769012513615,
    0.3465749990372431,
    0.34007273898238227,
    0.344511584511825,
    0.34867278167179655,
    0.3616593944884482,
    0.3468764644293558,
    0.33572874111788614,
    0.33588546443553197,
    0.34249761878024965,
    0.3394333358321871,
    0.34143888240768794,
    0.34287668693633305,
    0.34627072229271844,
    0.3394881955214909,
    0.3490862495132855,
    0.3413877657481602,
    0.33999411300534294,
    0.34624297774973367,
    0.3605926842207,
    0.33986337092660723,
    0.3406524502095722,
    0.3443031452950977,
    0.3485225797409103,
    0.3506848098976271,
    0.3489785655623391,
    0.3407886908167884,
    0.3734371278967176,
    0.3586803298620951,
    0.3492155894637108,
    0.3653002959631738,
    0.349921998168741,
    0.37620365619659424,
    0.34676745462985265,
    0.3567301481962204,
    0.3548734787674177,
    0.36254156026102247,
    0.3547063100905645,
    0.36713813209817525,
    0.3755726892323721,
    0.3716511109045574,
    0.38656210331689744,
    0.39550510545571643,
    0.37820314012822653,
    0.3845412472174281,
    0.4002790820030939,
    0.38651242568379357,
    0.3721532488153094
  ],
  "val_acc": [
    0.3375700934579439,
    0.3233644859813084,
    0.3304672897196262,
    0.3383177570093458,
    0.34841121495327104,
    0.3114018691588785,
    0.3181308411214953,
    0.3304672897196262,
    0.3401869158878505,
    0.30317757009345797,
    0.27626168224299064,
    0.2863551401869159,
    0.30654205607476637,
    0.3304672897196262,
    0.34392523364485983,
    0.29570093457943925,
    0.3357009345794392,
    0.29121495327102803,
    0.3114018691588785,
    0.2994392523364486,
    0.2942056074766355,
    0.314392523364486,
    0.3525233644859813,
    0.31626168224299067,
    0.30355140186915885,
    0.30280373831775703,
    0.3222429906542056,
    0.2893457943925234,
    0.3450467289719626,
    0.2897196261682243,
    0.2848598130841121,
    0.3076635514018692,
    0.2594392523364486,
    0.2758878504672897,
    0.27065420560747666,
    0.27289719626168224,
    0.29233644859813085,
    0.2882242990654206,
    0.2927102803738318,
    0.2930841121495327,
    0.3110280373831776,
    0.3435514018691589,
    0.29457943925233643,
    0.29457943925233643,
    0.2983177570093458,
    0.3091588785046729,
    0.31626168224299067,
    0.3207476635514019,
    0.30280373831775703,
    0.30990654205607476,
    0.3005607476635514,
    0.30878504672897195,
    0.30542056074766355
  ],
  "val_reward": [
    276.59999999999815,
    526.6999999999853,
    618.399999999986,
    760.7999999999618,
    725.1999999999647,
    293.8000000000005,
    545.6999999999716,
    678.2999999999662,
    528.0999999999635,
    274.9000000000017,
    -231.79999999999535,
    139.1000000000039,
    353.3999999999628,
    546.599999999963,
    357.49999999999017,
    244.39999999997193,
    555.0999999999718,
    120.40000000001015,
    427.8999999999603,
    381.19999999997736,
    213.20000000000448,
    404.59999999997007,
    658.2999999999794,
    359.99999999998147,
    358.9999999999928,
    360.3999999999678,
    391.6999999999841,
    212.50000000000594,
    367.09999999998007,
    195.4000000000101,
    145.3000000000058,
    373.8999999999874,
    -78.7999999999976,
    48.300000000005646,
    16.200000000008483,
    -48.6999999999973,
    204.20000000000633,
    158.00000000000165,
    102.8000000000061,
    165.20000000000968,
    385.0999999999613,
    358.8999999999893,
    315.49999999998244,
    169.20000000001136,
    183.90000000000327,
    301.39999999998116,
    214.9999999999984,
    218.29999999999814,
    240.49999999999764,
    275.59999999998945,
    -57.1999999999968,
    133.90000000001027,
    315.9999999999948
  ],
  "val_trades": [
    1174,
    1863,
    1376,
    2152,
    1988,
    1322,
    2133,
    2107,
    2189,
    1881,
    1898,
    1979,
    2126,
    2234,
    1275,
    2476,
    1819,
    1916,
    2251,
    1868,
    2188,
    2054,
    1467,
    1880,
    2310,
    2036,
    1793,
    1785,
    1659,
    2026,
    2017,
    1751,
    2028,
    2047,
    2138,
    2157,
    1658,
    2260,
    2092,
    2188,
    2159,
    1841,
    2255,
    2188,
    2051,
    2006,
    1950,
    1907,
    2185,
    2084,
    2052,
    2031,
    2120
  ]
}