{
  "train_loss": [
    0.3816323062790094,
    0.3606901574989914,
    0.35160200643640027,
    0.3507754821566087,
    0.3523128621185882,
    0.34906255117448576,
    0.3437306873406036,
    0.3415091633796692,
    0.344040155662263,
    0.3394725213322458,
    0.3348831048997646,
    0.33045049948531363,
    0.32612689813984097,
    0.32295474026525073,
    0.3246298413487929,
    0.31549444147051636,
    0.3101426618888911,
    0.3090838772963874,
    0.31659727521586517,
    0.31091583454156224,
    0.3083005377763434,
    0.30492910145455776,
    0.30557059789005714,
    0.3040585714679227,
    0.300142364788659,
    0.2932818482319514,
    0.2924286506850005,
    0.29188735324119214,
    0.2851772170655335,
    0.2857421103409071,
    0.29040738669880334,
    0.28146762303410705,
    0.2797910618253901,
    0.2814813365035922,
    0.27658032547321,
    0.2619740838491464,
    0.2638689111682433,
    0.2559550040507618,
    0.25886378276951705,
    0.2537718935857845,
    0.25857624266972523,
    0.25300708425698903,
    0.25404531216319604,
    0.25406188986220946
  ],
  "train_acc": [
    0.2553415985228172,
    0.2612767079926141,
    0.2748615141123714,
    0.29794249538380374,
    0.30269058295964124,
    0.30730677921392774,
    0.3028884199419678,
    0.3093510946979689,
    0.30638353996307044,
    0.3173305196518069,
    0.31436296491690846,
    0.3288050646267476,
    0.3342785544711158,
    0.3428514903719335,
    0.339620152993933,
    0.3518860458981799,
    0.3532709047744658,
    0.3656027433394883,
    0.3552492745977315,
    0.36303086256924294,
    0.36494328673173304,
    0.3674492218412028,
    0.37153785280928514,
    0.3786599841730414,
    0.37846214719071486,
    0.3895410182010024,
    0.3931020838828805,
    0.3900685834872065,
    0.39448694275916646,
    0.39541018201002376,
    0.383671854391981,
    0.3914534423634925,
    0.407214455288842,
    0.3952782906884727,
    0.4071485096280665,
    0.42719599050382484,
    0.419876022157742,
    0.43946188340807174,
    0.4306911105249275,
    0.4355051437615405,
    0.432537589026642,
    0.4339883935637035,
    0.4269981535214983,
    0.4327354260089686
  ],
  "val_loss": [
    0.36139144500096637,
    0.35714817189034964,
    0.34250991756007787,
    0.3360761737539655,
    0.34322200573626016,
    0.33833854645490646,
    0.34463383718615487,
    0.3513099742787225,
    0.3529733192353022,
    0.34858154753843945,
    0.3597854844161442,
    0.369172018908319,
    0.3790457866021565,
    0.3706833024819692,
    0.3640704999367396,
    0.3722657355524245,
    0.38623730802819844,
    0.3849351072595233,
    0.4032751839785349,
    0.38936428867635275,
    0.40451170326698394,
    0.39762002726395923,
    0.38638932541722343,
    0.3810410449902217,
    0.40947900854405905,
    0.40531911239737556,
    0.45926326832601,
    0.42502966665086295,
    0.4501467435842469,
    0.4229047564523561,
    0.4173047673844156,
    0.44422594351427896,
    0.4241990078063238,
    0.4614752240124203,
    0.45470767681087765,
    0.499312288349583,
    0.5117002214704242,
    0.5021800001462301,
    0.5175798471484866,
    0.5042068319661277,
    0.47522562458401635,
    0.4942826511604445,
    0.5305841831224305,
    0.49828146610941204
  ],
  "val_acc": [
    0.2613084112149533,
    0.2441121495327103,
    0.2983177570093458,
    0.337196261682243,
    0.3147663551401869,
    0.3285981308411215,
    0.3110280373831776,
    0.26878504672897197,
    0.2863551401869159,
    0.30317757009345797,
    0.2803738317757009,
    0.3039252336448598,
    0.30355140186915885,
    0.2833644859813084,
    0.26691588785046727,
    0.28448598130841124,
    0.2822429906542056,
    0.2900934579439252,
    0.2702803738317757,
    0.25457943925233645,
    0.2657943925233645,
    0.3024299065420561,
    0.2788785046728972,
    0.28,
    0.27626168224299064,
    0.28261682242990654,
    0.2770093457943925,
    0.29457943925233643,
    0.2766355140186916,
    0.2822429906542056,
    0.26317757009345794,
    0.28261682242990654,
    0.28897196261682245,
    0.27850467289719627,
    0.2594392523364486,
    0.28897196261682245,
    0.274392523364486,
    0.24934579439252336,
    0.2583177570093458,
    0.25719626168224297,
    0.25383177570093457,
    0.2788785046728972,
    0.27813084112149533,
    0.2601869158878505
  ],
  "val_reward": [
    -98.79999999999693,
    -242.49999999999372,
    347.9999999999849,
    708.6999999999658,
    415.39999999999173,
    412.4999999999869,
    435.9999999999862,
    88.20000000000607,
    253.39999999999722,
    202.8000000000029,
    107.50000000000787,
    124.00000000000836,
    106.60000000000485,
    77.40000000000839,
    -95.40000000000002,
    76.50000000000979,
    136.4000000000057,
    159.90000000000308,
    -117.69999999999861,
    -149.3999999999993,
    22.10000000000937,
    173.29999999999433,
    -67.99999999999703,
    105.50000000000375,
    -55.49999999999669,
    24.800000000010705,
    16.90000000000916,
    120.7000000000001,
    -131.8999999999953,
    32.900000000006884,
    -135.49999999999613,
    55.500000000008896,
    40.50000000000396,
    -30.89999999999696,
    -170.7999999999991,
    -68.09999999999785,
    -210.49999999999724,
    -300.5999999999952,
    -157.99999999999426,
    -244.19999999999226,
    -190.49999999999864,
    -69.39999999999426,
    -254.19999999999513,
    -168.999999999999
  ],
  "val_trades": [
    1108,
    2075,
    1440,
    2043,
    2346,
    1545,
    1680,
    1698,
    1926,
    2012,
    1975,
    1760,
    1954,
    1886,
    1934,
    1985,
    1916,
    2251,
    2307,
    2234,
    2129,
    1977,
    2080,
    2075,
    2025,
    2192,
    2181,
    2043,
    2029,
    2021,
    1985,
    2215,
    2065,
    2039,
    2108,
    2131,
    2035,
    2226,
    2380,
    2182,
    2195,
    2154,
    2002,
    2270
  ]
}