{
  "train_loss": [
    0.3762594411141762,
    0.36044165542357076,
    0.35938948304844304,
    0.35436619711324635,
    0.3517587593587642,
    0.35370464616686986,
    0.3497130530041481,
    0.3473455737411724,
    0.3465912259077724,
    0.34467783142745745,
    0.3449835332134102,
    0.3428169344296435,
    0.3426234581299472,
    0.3370239532195063,
    0.33745922305412934,
    0.333892091165615,
    0.3319241340401806,
    0.3351637824175227,
    0.3304131858459505,
    0.33407987333551237,
    0.32866069070900544,
    0.32619446302265054,
    0.3195405272366125,
    0.3194940645357727,
    0.31480671861503695,
    0.31170234008680414,
    0.30672951168400325,
    0.30433642260635957,
    0.2958750383386129,
    0.2964357658906325,
    0.2891391462288828,
    0.29354771474997204,
    0.28812330791467355,
    0.28308921436217266,
    0.28048181049682924,
    0.2764666795353346,
    0.2798240907836061,
    0.2794392845801663,
    0.2710704122540317,
    0.2730123008982542,
    0.2673287320614867,
    0.25673279882986333,
    0.2540265067720212,
    0.25296801039438205,
    0.2484724547415343,
    0.24925532402620035,
    0.24989239613718123,
    0.24193131074875215,
    0.24583796213699294,
    0.2460255900767282
  ],
  "train_acc": [
    0.254682141915062,
    0.2566605117383276,
    0.2650356106568188,
    0.2716301767343709,
    0.2858744394618834,
    0.2928646795040886,
    0.3024927459773147,
    0.30361382221049854,
    0.3033500395673965,
    0.3036797678712741,
    0.30961487734107096,
    0.30216301767343706,
    0.3084938011078871,
    0.3199024004220522,
    0.31238459509364286,
    0.3151543128462147,
    0.32385914006858346,
    0.3197705091005012,
    0.31996834608282776,
    0.33131099973621736,
    0.33843313109997364,
    0.33797151147454496,
    0.3528752308098127,
    0.34825903455552626,
    0.3683724610920601,
    0.3627011342653653,
    0.375824320759694,
    0.37536270113426534,
    0.37912160379847004,
    0.38855183328936954,
    0.3915853336850435,
    0.3876945396992878,
    0.3834080717488789,
    0.40292798733843316,
    0.4060933790556581,
    0.40273015035610654,
    0.40391717225006596,
    0.4099841730414139,
    0.41427064099182276,
    0.41671063044051704,
    0.41618306515431286,
    0.4264046425745186,
    0.43510946979688736,
    0.4314824584542337,
    0.43326299129517276,
    0.4329332629912952,
    0.43754945924558164,
    0.4401872856766025,
    0.4439461883408072,
    0.43418623054603006
  ],
  "val_loss": [
    0.35866836139134,
    0.3681008517742157,
    0.359295591711998,
    0.3544341957285291,
    0.3418700716325215,
    0.34249708766028997,
    0.34313270378680455,
    0.3422465814011438,
    0.3399416009585063,
    0.3388835198822476,
    0.3487588507788522,
    0.34870814106294085,
    0.34767468238160726,
    0.3561157775776727,
    0.3553545840439342,
    0.36525419993059977,
    0.3569394428105581,
    0.36001793756371453,
    0.3669325890285628,
    0.3674133565454256,
    0.3544440521370797,
    0.36430480473098303,
    0.3895357772707939,
    0.4011237947713761,
    0.4139151512866929,
    0.41296411908808206,
    0.4054267296478862,
    0.4249593899363563,
    0.4348664865607307,
    0.45425985930931,
    0.4635178489344461,
    0.44004185249408084,
    0.47009065960134777,
    0.45173587401707965,
    0.4516404728804316,
    0.47521427273750305,
    0.46792867141110556,
    0.49194363149858655,
    0.4898937191991579,
    0.4790739395788738,
    0.506514535063789,
    0.521951862389133,
    0.5150876023939678,
    0.5171651900524185,
    0.5531174189278057,
    0.5457781585199493,
    0.5347450811948095,
    0.5213689275440716,
    0.5398559059415545,
    0.5705662089444342
  ],
  "val_acc": [
    0.22280373831775702,
    0.22990654205607478,
    0.23626168224299066,
    0.2822429906542056,
    0.3114018691588785,
    0.32373831775700934,
    0.3114018691588785,
    0.3252336448598131,
    0.31925233644859813,
    0.33158878504672895,
    0.31925233644859813,
    0.3480373831775701,
    0.3125233644859813,
    0.2758878504672897,
    0.3177570093457944,
    0.3050467289719626,
    0.2986915887850467,
    0.3147663551401869,
    0.3188785046728972,
    0.2732710280373832,
    0.2979439252336449,
    0.2725233644859813,
    0.2960747663551402,
    0.2183177570093458,
    0.26429906542056075,
    0.2646728971962617,
    0.2848598130841121,
    0.2908411214953271,
    0.25981308411214954,
    0.29233644859813085,
    0.251588785046729,
    0.26654205607476633,
    0.2605607476635514,
    0.26429906542056075,
    0.2508411214953271,
    0.2919626168224299,
    0.28074766355140185,
    0.2441121495327103,
    0.2788785046728972,
    0.2841121495327103,
    0.28373831775700936,
    0.2897196261682243,
    0.2751401869158879,
    0.27289719626168224,
    0.2822429906542056,
    0.26766355140186915,
    0.2672897196261682,
    0.2751401869158879,
    0.27850467289719627,
    0.2770093457943925
  ],
  "val_reward": [
    -495.7000000000287,
    -339.1000000000142,
    -270.899999999995,
    196.30000000000197,
    435.1999999999953,
    601.9999999999783,
    424.0999999999882,
    576.7999999999794,
    465.29999999998535,
    601.6999999999625,
    440.0999999999616,
    443.89999999997,
    199.99999999998914,
    18.600000000006283,
    410.89999999996786,
    241.9999999999736,
    173.79999999999808,
    302.39999999998014,
    263.09999999999644,
    -10.599999999989496,
    85.40000000000333,
    104.30000000000754,
    -78.70000000000047,
    -460.0000000000022,
    -155.9999999999949,
    -2.6999999999911166,
    104.0000000000033,
    115.4000000000035,
    -171.5999999999982,
    73.4000000000111,
    -311.7000000000008,
    -84.79999999999873,
    -145.29999999999512,
    -118.79999999999518,
    -224.59999999999425,
    10.300000000007467,
    2.6000000000106955,
    -351.9999999999995,
    -78.9999999999932,
    20.30000000001202,
    -120.39999999999502,
    -129.49999999999753,
    -55.899999999990506,
    -50.59999999999723,
    10.30000000000316,
    -141.09999999999945,
    -169.9999999999937,
    -47.69999999999718,
    -78.79999999999873,
    -108.7999999999991
  ],
  "val_trades": [
    2487,
    1941,
    1399,
    1207,
    1528,
    1700,
    1549,
    1672,
    1697,
    2093,
    2269,
    1891,
    1800,
    2194,
    2121,
    2140,
    1882,
    1896,
    1979,
    2126,
    1606,
    2007,
    1457,
    2160,
    2240,
    2137,
    2120,
    2146,
    2236,
    2206,
    2327,
    2208,
    2343,
    2268,
    2346,
    2387,
    2314,
    2360,
    2290,
    2407,
    2164,
    2245,
    2389,
    2366,
    2387,
    2361,
    2380,
    2327,
    2308,
    2288
  ]
}