{
  "train_loss": [
    0.38013872681780064,
    0.360532646356745,
    0.36003892370995055,
    0.34920750336444123,
    0.35040191786086305,
    0.34764831903132987,
    0.34641818860743906,
    0.3424469846360227,
    0.34071984354485857,
    0.339628096971106,
    0.33844940066337587,
    0.331663674877045,
    0.3335086409081804,
    0.3304863162497257,
    0.3272682950217673,
    0.3240157984038617,
    0.31874678058827177,
    0.3169870939026488,
    0.31018768688465687,
    0.31074045642893366,
    0.30790529599849215,
    0.30630622074959124,
    0.3056404751031957,
    0.30015478115132516,
    0.30099343803334744,
    0.2956822894989176,
    0.29662250736926465,
    0.2935884027404988,
    0.288903279253777,
    0.28526906973504007,
    0.28623670758085046,
    0.2847371443154964,
    0.28814335459090296,
    0.27725845125127346,
    0.2784641592426503,
    0.2691699837750577,
    0.26547962744185266,
    0.2574681488123346,
    0.26233347711410926,
    0.2612714282375701,
    0.25824557498414463,
    0.2564349742645913,
    0.25206054379331305,
    0.2515379341992926
  ],
  "train_acc": [
    0.25762530868317424,
    0.25148501635186543,
    0.2723753587399052,
    0.29233130881665886,
    0.2964693319094974,
    0.29346592805179206,
    0.30708135887338983,
    0.31529066275111794,
    0.30821597810852297,
    0.3111526396582794,
    0.3257024627911633,
    0.32743776279783754,
    0.3172929319895882,
    0.32743776279783754,
    0.3395181205366082,
    0.33898418207301606,
    0.3377160782219849,
    0.3511980244276847,
    0.3642127744777414,
    0.35593672829206435,
    0.35833945137822865,
    0.3600080090769539,
    0.3650804244810786,
    0.3720216245077755,
    0.3737569245144497,
    0.3764933591403591,
    0.38223319762397384,
    0.383701528398852,
    0.38677167456450645,
    0.3897083361142628,
    0.3881065207234866,
    0.39217780150837617,
    0.39524794767403054,
    0.40786224387639325,
    0.40866315157178135,
    0.4197423746913168,
    0.4158045785223253,
    0.4276179670292999,
    0.42528198625108454,
    0.4309550824267503,
    0.43068811319495426,
    0.43275712474137357,
    0.4338917439765067,
    0.42728425548955484
  ],
  "val_loss": [
    0.3572318333955038,
    0.35777188482738675,
    0.3474920888741811,
    0.3374320133810952,
    0.35073261459668476,
    0.3392218067532494,
    0.34115169445673627,
    0.3416989016390982,
    0.35713623499586467,
    0.3457218692416236,
    0.3551529404662904,
    0.37781719331230434,
    0.36486215392748517,
    0.38689994741053807,
    0.3852238676377705,
    0.3733988358151345,
    0.3994691300959814,
    0.4103349195349784,
    0.38835846242450534,
    0.39394885762816384,
    0.3997549496236302,
    0.40050069526547477,
    0.4042352257030351,
    0.4074298831678572,
    0.40750750721920104,
    0.43801719411498025,
    0.4554740073425429,
    0.3990392525281225,
    0.46560636943294886,
    0.42202444019771757,
    0.43283555727629436,
    0.438471125350112,
    0.43628344046218054,
    0.4374902070987792,
    0.4732249386253811,
    0.47920368008670355,
    0.49134623472179684,
    0.49244001720632824,
    0.515145063045479,
    0.502621078420253,
    0.49867311900570277,
    0.503090965960707,
    0.5522527538594746,
    0.5256789720484188
  ],
  "val_acc": [
    0.22465960665658094,
    0.24924357034795763,
    0.3245083207261725,
    0.33055975794251136,
    0.23071104387291982,
    0.3354765506807867,
    0.3180786686838124,
    0.3161875945537065,
    0.2810136157337368,
    0.3097579425113464,
    0.27912254160363087,
    0.27382753403933435,
    0.24924357034795763,
    0.2636157337367625,
    0.29462934947049924,
    0.2817700453857791,
    0.28290468986384265,
    0.27155824508320725,
    0.28479576399394857,
    0.27987897125567324,
    0.27987897125567324,
    0.2866868381240545,
    0.29652042360060515,
    0.273071104387292,
    0.2806354009077156,
    0.2874432677760968,
    0.27723146747352495,
    0.2934947049924357,
    0.2704236006051437,
    0.2991679273827534,
    0.2866868381240545,
    0.2923600605143722,
    0.2934947049924357,
    0.2726928895612708,
    0.2749621785173979,
    0.2863086232980333,
    0.28517397881996975,
    0.2923600605143722,
    0.3014372163388805,
    0.2817700453857791,
    0.31694402420574885,
    0.2931164901664145,
    0.28479576399394857,
    0.26626323751891073
  ],
  "val_reward": [
    -183.99999999999693,
    19.899999999999807,
    645.499999999972,
    545.099999999969,
    115.80000000000544,
    607.9999999999696,
    268.7999999999888,
    417.0999999999767,
    103.90000000000953,
    322.0999999999841,
    106.50000000000838,
    15.900000000007667,
    -237.09999999999383,
    13.000000000006663,
    135.49999999999545,
    102.80000000001036,
    111.69999999998717,
    -81.39999999999384,
    24.90000000001055,
    88.8999999999979,
    -3.0999999999908208,
    72.900000000011,
    143.600000000001,
    -15.499999999990417,
    123.6000000000042,
    29.100000000007753,
    -52.499999999992845,
    98.70000000001025,
    -61.1999999999974,
    167.59999999999746,
    48.00000000000747,
    38.10000000001015,
    -51.99999999999991,
    -192.99999999999514,
    -155.29999999999362,
    -46.699999999991014,
    -32.399999999992204,
    27.7000000000088,
    -71.4999999999927,
    -80.89999999999333,
    -39.79999999999674,
    -62.699999999993146,
    -114.79999999999305,
    -215.89999999999347
  ],
  "val_trades": [
    1080,
    531,
    1915,
    2039,
    1702,
    1840,
    1712,
    1879,
    2011,
    2009,
    1605,
    2011,
    2241,
    1890,
    2135,
    2012,
    2193,
    2154,
    2221,
    2261,
    1981,
    2141,
    2004,
    2145,
    2204,
    2079,
    2135,
    2023,
    2132,
    2204,
    2240,
    2129,
    2080,
    2110,
    2163,
    2137,
    2244,
    2153,
    2185,
    2299,
    2098,
    2257,
    2268,
    2269
  ]
}