{
  "train_loss": [
    0.5355809743394329,
    0.3589388632573156,
    0.35632087963039866,
    0.35173924801721856,
    0.345401947256885,
    0.34301161250484646,
    0.33855182649214055,
    0.3366409592990634,
    0.3335288568136561,
    0.3343741144309064,
    0.32606980116558476,
    0.32410812742599454,
    0.3177606056636899,
    0.31888759852964665,
    0.3151472482500197,
    0.3108971296860699,
    0.31279227703432494,
    0.31064581776721567,
    0.3053553003173337,
    0.3043548969654091,
    0.3005390112535863,
    0.29920771768324483,
    0.2948791690265076,
    0.29057315777877213,
    0.2954382885734743,
    0.2887738872680986,
    0.28711202872704855,
    0.28472496053589047,
    0.28212526610380484,
    0.28099042516720446,
    0.2810414012851594,
    0.27843688610736833,
    0.27933877335570534,
    0.2765752851082806,
    0.2809621464099562,
    0.27104973786742376,
    0.2561898730726685,
    0.24947173340159629,
    0.2506704956670351,
    0.25129622510213895,
    0.24495753205778226,
    0.2484375416352276,
    0.24148459279838996,
    0.2415022943090286,
    0.23715145018281816
  ],
  "train_acc": [
    0.3018332893695595,
    0.2883144289105777,
    0.2924690055394355,
    0.2975468214191506,
    0.3090213663940913,
    0.3140991822738064,
    0.3353336850435241,
    0.3193748351358481,
    0.32570561857029806,
    0.3430493273542601,
    0.3490503824848325,
    0.3493801107887101,
    0.355315220258507,
    0.3562384595093643,
    0.3654049063571617,
    0.37193352677393826,
    0.36863624373516224,
    0.3751648641519388,
    0.3768794513321023,
    0.3807702453178581,
    0.38037457135320496,
    0.38321023476655236,
    0.3872329200738591,
    0.3944209970983909,
    0.3891453442363492,
    0.3891453442363492,
    0.390002637826431,
    0.4051701398048008,
    0.4004220522289633,
    0.40253231337378,
    0.4098522817198628,
    0.4159852281719863,
    0.4062912160379847,
    0.41103930361382224,
    0.4076101292534951,
    0.41677657610129254,
    0.43036138222104986,
    0.4461883408071749,
    0.4428910577683988,
    0.4380770245317858,
    0.4481667106304405,
    0.4418359271959905,
    0.44170403587443946,
    0.45106831970456346,
    0.451398048008441
  ],
  "val_loss": [
    0.35416970934186665,
    0.3380870272715886,
    0.3397012608391898,
    0.3483823857137135,
    0.3371042538256872,
    0.3433260399670828,
    0.36461584199042546,
    0.34452619155248004,
    0.3461674927246003,
    0.3752083114924885,
    0.3927124500984237,
    0.370281383395195,
    0.3744865127262615,
    0.3906203873810314,
    0.399479879509835,
    0.38326015500795274,
    0.39421542591991876,
    0.41099675922166734,
    0.38599698529357,
    0.4013284973445393,
    0.39451721488010316,
    0.4240352376585915,
    0.4235256041089694,
    0.4217257219411078,
    0.4287571530966532,
    0.4211912215465591,
    0.4420562432635398,
    0.42366166767619906,
    0.441482408060914,
    0.46073064101593836,
    0.4308249961052622,
    0.4765015904392515,
    0.44665435666129705,
    0.44539721132743926,
    0.4569316903750102,
    0.4254204293801671,
    0.5287584062843096,
    0.5638229825666973,
    0.5516261575477464,
    0.5426352290170533,
    0.542968158920606,
    0.5179575667494819,
    0.568225370276542,
    0.5380912859524999,
    0.5128369718080475
  ],
  "val_acc": [
    0.251588785046729,
    0.30803738317757007,
    0.3233644859813084,
    0.37457943925233644,
    0.30878504672897195,
    0.31177570093457946,
    0.2893457943925234,
    0.30990654205607476,
    0.342803738317757,
    0.31327102803738316,
    0.27738317757009345,
    0.2979439252336449,
    0.2927102803738318,
    0.32186915887850465,
    0.3005607476635514,
    0.2994392523364486,
    0.2766355140186916,
    0.2796261682242991,
    0.314392523364486,
    0.30542056074766355,
    0.27551401869158876,
    0.32299065420560746,
    0.28897196261682245,
    0.28261682242990654,
    0.29158878504672897,
    0.3005607476635514,
    0.30205607476635515,
    0.27626168224299064,
    0.30616822429906543,
    0.2927102803738318,
    0.31962616822429907,
    0.2814953271028037,
    0.28,
    0.2867289719626168,
    0.29046728971962615,
    0.30205607476635515,
    0.29495327102803737,
    0.2717757009345794,
    0.28598130841121494,
    0.2867289719626168,
    0.2863551401869159,
    0.2882242990654206,
    0.28448598130841124,
    0.28261682242990654,
    0.2953271028037383
  ],
  "val_reward": [
    -194.0999999999923,
    290.8999999999876,
    538.4999999999795,
    371.69999999999067,
    392.4999999999841,
    463.1999999999716,
    -42.90000000000024,
    419.6999999999819,
    486.8999999999845,
    218.1000000000042,
    -164.1999999999923,
    112.20000000000621,
    -60.69999999999979,
    209.3999999999832,
    122.10000000000579,
    198.7000000000063,
    -45.30000000000065,
    -61.39999999999981,
    235.39999999999773,
    167.39999999999995,
    34.00000000000617,
    -63.3999999999976,
    128.80000000001166,
    -3.29999999999792,
    32.00000000000149,
    67.00000000000173,
    88.70000000000363,
    24.20000000000821,
    227.70000000000493,
    -35.69999999999688,
    -72.39999999999974,
    -92.89999999999563,
    51.20000000000462,
    -56.20000000000034,
    -55.59999999999766,
    142.60000000000667,
    -21.09999999999988,
    -139.9999999999949,
    -5.899999999998203,
    -52.89999999999918,
    -114.69999999999943,
    -12.299999999992828,
    -97.19999999999908,
    -108.19999999999825,
    16.200000000004557
  ],
  "val_trades": [
    1831,
    1761,
    1605,
    993,
    1625,
    1888,
    1999,
    2153,
    1681,
    1729,
    1942,
    1858,
    1957,
    2086,
    2089,
    1943,
    1983,
    2114,
    1986,
    2186,
    2020,
    1814,
    2232,
    2083,
    2040,
    2030,
    2083,
    2258,
    2193,
    2207,
    1844,
    2179,
    2208,
    2222,
    2196,
    2074,
    2241,
    2320,
    2249,
    2259,
    2137,
    2233,
    2212,
    2222,
    2258
  ]
}