{
  "train_loss": [
    0.5331528853263533,
    0.35922085333474074,
    0.35717525650680315,
    0.35303139585985915,
    0.3473859660736116,
    0.3460321972138771,
    0.3428610549445897,
    0.34017446373082416,
    0.33811545070213606,
    0.34033973709943427,
    0.3368898928165436,
    0.3340040668530806,
    0.3301579729036943,
    0.331842296862904,
    0.3283162391135461,
    0.32906712723683706,
    0.32896484679813626,
    0.32876199936564965,
    0.32240223941169205,
    0.3227502753337224,
    0.3201055176524673,
    0.31985276818023956,
    0.3175550452138804,
    0.3162482714728464,
    0.3171477751641334,
    0.31325538751948234,
    0.3139573128791801,
    0.31007008606622993,
    0.3088765775604087,
    0.3038045890346358,
    0.3079828357771982,
    0.3083988151469814,
    0.306526589305592,
    0.30228294193241667,
    0.30829172056435533,
    0.304273401257358,
    0.3038194272588577,
    0.29769547610594754,
    0.2997705543468773,
    0.2981391306416395,
    0.29897756667076786,
    0.298751310331409,
    0.29298865342441993,
    0.28333065492191395,
    0.2786546544435155,
    0.27864079208816656,
    0.2811573931185002,
    0.2740091886449967,
    0.2816846945366276,
    0.27689287154483394,
    0.27381863592797695,
    0.27457094978431107
  ],
  "train_acc": [
    0.301899235030335,
    0.28409390662094436,
    0.2942495383803746,
    0.29649169084674226,
    0.30255869163809024,
    0.3090873120548668,
    0.3239910313901345,
    0.3146267475600106,
    0.3198364547612767,
    0.32141915061988924,
    0.3191769981535215,
    0.3264969664996043,
    0.32939857557372726,
    0.330255869163809,
    0.3330915325771564,
    0.3353996307042997,
    0.33091532577156424,
    0.3419282511210762,
    0.3433131099973622,
    0.3449617515167502,
    0.3481271432339752,
    0.3481930888947507,
    0.35735953574254814,
    0.35637035083091534,
    0.3597335795304669,
    0.36144816671063046,
    0.35650224215246634,
    0.36909786336059086,
    0.37094434186230546,
    0.371142178844632,
    0.3824848324980216,
    0.38096808230018464,
    0.378857821155368,
    0.386837246109206,
    0.3824188868372461,
    0.3876945396992878,
    0.40081772619361644,
    0.3995647586388816,
    0.3968609865470852,
    0.4013452914798206,
    0.4014771828013717,
    0.40022421524663676,
    0.4141387496702717,
    0.4297019256132946,
    0.4333948826167238,
    0.4298338169348457,
    0.4336586652598259,
    0.4415061988921129,
    0.4316802954365603,
    0.435439198100765,
    0.4377472962279082,
    0.4316802954365603
  ],
  "val_loss": [
    0.3506670927717572,
    0.3504497103747867,
    0.3526118156455812,
    0.3508511203385535,
    0.33748898477781386,
    0.34277438478810446,
    0.35547840630724314,
    0.345096251084691,
    0.33966598979064394,
    0.34056737486805233,
    0.35131719566526864,
    0.33738069023404804,
    0.34202963823363897,
    0.33871809783436,
    0.3595501028356098,
    0.35629089992670787,
    0.34614905395678114,
    0.339975322995867,
    0.3623768037983349,
    0.35827710905245375,
    0.37843026788461775,
    0.38172108041388647,
    0.3626337945461273,
    0.3627840890770867,
    0.3696527112097967,
    0.3537150099873543,
    0.3536985527191843,
    0.3660448420615423,
    0.37495921587660197,
    0.3712496090502966,
    0.3837097766143935,
    0.3736648155110223,
    0.4034270410026823,
    0.36879020503589083,
    0.38201663536684854,
    0.35081832749503,
    0.37314506868521374,
    0.3713720540205638,
    0.3851546130719639,
    0.38304618284815833,
    0.39818254822776433,
    0.4104914487827392,
    0.41834992276770727,
    0.39784225324789685,
    0.3959035153190295,
    0.4261080938435736,
    0.40798769678388325,
    0.4276403007762773,
    0.43556504874002366,
    0.4110287232767968,
    0.4209382267934935,
    0.42337157470839365
  ],
  "val_acc": [
    0.2568224299065421,
    0.24934579439252336,
    0.3181308411214953,
    0.3902803738317757,
    0.33981308411214955,
    0.31626168224299067,
    0.2986915887850467,
    0.3121495327102804,
    0.34766355140186916,
    0.3521495327102804,
    0.2867289719626168,
    0.34205607476635513,
    0.3091588785046729,
    0.34429906542056077,
    0.3211214953271028,
    0.30467289719626167,
    0.30990654205607476,
    0.30280373831775703,
    0.30616822429906543,
    0.30018691588785046,
    0.3039252336448598,
    0.33158878504672895,
    0.32822429906542055,
    0.28523364485981306,
    0.2882242990654206,
    0.30616822429906543,
    0.30878504672897195,
    0.2893457943925234,
    0.2908411214953271,
    0.3226168224299065,
    0.3166355140186916,
    0.27925233644859815,
    0.2930841121495327,
    0.3114018691588785,
    0.3013084112149533,
    0.3514018691588785,
    0.3319626168224299,
    0.31738317757009343,
    0.32934579439252337,
    0.3416822429906542,
    0.3401869158878505,
    0.36074766355140186,
    0.3461682242990654,
    0.3207476635514019,
    0.33271028037383177,
    0.348785046728972,
    0.3383177570093458,
    0.29233644859813085,
    0.32485981308411216,
    0.34130841121495326,
    0.33869158878504674,
    0.3469158878504673
  ],
  "val_reward": [
    125.40000000000464,
    -29.499999999998963,
    278.79999999999666,
    353.1999999999929,
    358.499999999988,
    487.99999999996703,
    151.9000000000025,
    414.49999999997476,
    523.2999999999855,
    667.3999999999754,
    0.3999999999997801,
    690.6999999999681,
    327.7999999999851,
    454.69999999997964,
    263.30000000000354,
    341.3999999999853,
    324.19999999998606,
    361.39999999997747,
    398.39999999998037,
    295.39999999998656,
    133.200000000006,
    122.20000000000289,
    381.79999999997625,
    -4.499999999997188,
    110.50000000000469,
    389.6999999999771,
    290.59999999999286,
    150.90000000000964,
    197.30000000000894,
    262.9000000000042,
    254.49999999999838,
    102.60000000000173,
    200.40000000000686,
    309.4999999999935,
    234.50000000001037,
    287.8999999999985,
    312.5999999999976,
    379.0999999999908,
    275.8999999999959,
    147.90000000000578,
    203.90000000000595,
    184.4000000000067,
    234.4000000000085,
    169.8000000000059,
    187.50000000001145,
    258.0000000000068,
    206.6000000000098,
    -70.59999999999735,
    78.70000000000526,
    192.20000000000985,
    235.00000000000995,
    158.90000000000495
  ],
  "val_trades": [
    1486,
    1845,
    1732,
    788,
    1565,
    2080,
    1851,
    2045,
    1557,
    1746,
    1716,
    2023,
    2062,
    1943,
    1957,
    2046,
    1698,
    2086,
    2296,
    2266,
    1908,
    1478,
    2042,
    2255,
    2005,
    2093,
    1874,
    2201,
    2177,
    1841,
    1805,
    2114,
    2236,
    2155,
    2245,
    1731,
    2134,
    2299,
    2051,
    1771,
    1891,
    1796,
    1976,
    2002,
    2175,
    2060,
    2154,
    2246,
    2183,
    2058,
    2230,
    1881
  ]
}