{
  "train_loss": [
    0.41308222377853554,
    0.3654107260301646,
    0.3605817396681017,
    0.36201880853387375,
    0.3597309925133669,
    0.3595374024115534,
    0.3617538784626667,
    0.3580472419030556,
    0.36215714123178633,
    0.36097592065102946,
    0.36003505114764606,
    0.36172401125421,
    0.359082771755975,
    0.35918477655463077,
    0.3610592397707927,
    0.35941271439886296,
    0.3598760211769539,
    0.35999200892347827,
    0.3592679823752697,
    0.35959434106883115,
    0.3611433612897929,
    0.36002363409171123,
    0.35883406936367856,
    0.36054648930513405,
    0.36146466641486447,
    0.3607350841856204,
    0.3594791104521933,
    0.359102485049123,
    0.36053545540395165,
    0.3597820535742281,
    0.36131447276988615,
    0.36143433796202584,
    0.361926218376884,
    0.35811245718082796,
    0.36135501688039756,
    0.3620425851284703,
    0.36141855191077865,
    0.3580657537979416,
    0.35941123308511724,
    0.35951210703024883,
    0.3608324137921072,
    0.36040941107122204,
    0.3601415760909455,
    0.35792584874458955,
    0.36046354315451934,
    0.35872110900496634,
    0.35972108820822674,
    0.35823572122095004,
    0.3606676748533289,
    0.3592251795756666,
    0.35878681495219844,
    0.360069979217988
  ],
  "train_acc": [
    0.2471643365866526,
    0.23911896597203905,
    0.2387232920073859,
    0.2386573463466104,
    0.2337114217884463,
    0.2342389870746505,
    0.23714059614877342,
    0.2280400949617515,
    0.2355579002901609,
    0.23404115009232393,
    0.23509628066473226,
    0.23483249802163017,
    0.22777631231864942,
    0.23133737800052756,
    0.2329860195199156,
    0.2257979424953838,
    0.23041413874967026,
    0.2317989976259562,
    0.22982062780269058,
    0.23173305196518068,
    0.2329860195199156,
    0.23245845423371142,
    0.2270509100501187,
    0.231139541018201,
    0.2403059878659984,
    0.23166710630440518,
    0.2308098127143234,
    0.23226061725138486,
    0.23146926932207862,
    0.2323265629121604,
    0.23311791084146663,
    0.23390925877077287,
    0.2333157478237932,
    0.22968873648113955,
    0.23450276971775258,
    0.2368108678448958,
    0.2358876285940385,
    0.2273806383539963,
    0.2333157478237932,
    0.23067792139277235,
    0.23219467159060933,
    0.23153521498285412,
    0.23061197573199682,
    0.22790820364020048,
    0.2327222368768135,
    0.23028224742811923,
    0.23160116064362965,
    0.22533632286995517,
    0.23166710630440518,
    0.226457399103139,
    0.22817198628330257,
    0.2270509100501187
  ],
  "val_loss": [
    0.3584381192922592,
    0.35497426419031053,
    0.35477014453638167,
    0.35821432442892165,
    0.3547166571730659,
    0.3558053523302078,
    0.3553029830966677,
    0.3554163291340783,
    0.35479443130039034,
    0.35618571511336733,
    0.35477493490491596,
    0.35464291274547577,
    0.35558469664482845,
    0.3546975404024124,
    0.35490678889410837,
    0.3547877271970113,
    0.35468776524066925,
    0.3547407949254626,
    0.35500032774039675,
    0.3549035085099084,
    0.354946412500881,
    0.3547579433236803,
    0.3547611044985907,
    0.35510918001333874,
    0.35644312344846274,
    0.3549882443178268,
    0.3548364582515898,
    0.3548546043180284,
    0.3549321102244513,
    0.35501855540843236,
    0.3552287547361283,
    0.35503803974106196,
    0.35555331338019597,
    0.35477695223830996,
    0.35503076158818747,
    0.35525785102730706,
    0.35483700107960475,
    0.35473544682775227,
    0.35474681854248047,
    0.3546800421816962,
    0.3550051975817907,
    0.35480170306705294,
    0.3547134356839316,
    0.35474158113911036,
    0.3551203381447565,
    0.3547143496218182,
    0.35478835446493967,
    0.3547884828987576,
    0.35511326506024316,
    0.35483365186623167,
    0.35479083018643515,
    0.3548520030010314
  ],
  "val_acc": [
    0.25906542056074766,
    0.22280373831775702,
    0.22280373831775702,
    0.22280373831775702,
    0.22280373831775702,
    0.25906542056074766,
    0.22280373831775702,
    0.25906542056074766,
    0.22280373831775702,
    0.25906542056074766,
    0.22280373831775702,
    0.22280373831775702,
    0.22280373831775702,
    0.22280373831775702,
    0.22280373831775702,
    0.22280373831775702,
    0.22280373831775702,
    0.22280373831775702,
    0.22280373831775702,
    0.22280373831775702,
    0.22280373831775702,
    0.22280373831775702,
    0.22280373831775702,
    0.22280373831775702,
    0.25906542056074766,
    0.22280373831775702,
    0.22280373831775702,
    0.22280373831775702,
    0.22280373831775702,
    0.22280373831775702,
    0.22280373831775702,
    0.22280373831775702,
    0.22280373831775702,
    0.22280373831775702,
    0.22280373831775702,
    0.22280373831775702,
    0.22280373831775702,
    0.22280373831775702,
    0.22280373831775702,
    0.22280373831775702,
    0.22280373831775702,
    0.22280373831775702,
    0.22280373831775702,
    0.22280373831775702,
    0.22280373831775702,
    0.22280373831775702,
    0.22280373831775702,
    0.22280373831775702,
    0.22280373831775702,
    0.22280373831775702,
    0.22280373831775702,
    0.22280373831775702
  ],
  "val_reward": [
    0.0,
    0.0,
    0.0,
    -558.5000000000339,
    0.0,
    0.0,
    0.0,
    0.0,
    0.0,
    0.0,
    0.0,
    0.0,
    0.0,
    0.0,
    0.0,
    0.0,
    0.0,
    0.0,
    0.0,
    0.0,
    0.0,
    0.0,
    0.0,
    0.0,
    0.0,
    0.0,
    0.0,
    0.0,
    0.0,
    0.0,
    0.0,
    0.0,
    -558.5000000000339,
    0.0,
    0.0,
    0.0,
    0.0,
    0.0,
    0.0,
    0.0,
    0.0,
    0.0,
    0.0,
    0.0,
    0.0,
    0.0,
    0.0,
    0.0,
    0.0,
    0.0,
    0.0,
    0.0
  ],
  "val_trades": [
    0,
    0,
    0,
    2675,
    0,
    0,
    0,
    0,
    0,
    0,
    0,
    0,
    0,
    0,
    0,
    0,
    0,
    0,
    0,
    0,
    0,
    0,
    0,
    0,
    0,
    0,
    0,
    0,
    0,
    0,
    0,
    0,
    2675,
    0,
    0,
    0,
    0,
    0,
    0,
    0,
    0,
    0,
    0,
    0,
    0,
    0,
    0,
    0,
    0,
    0,
    0,
    0
  ]
}