{
  "train_loss": [
    0.37625605245179766,
    0.3605608517610574,
    0.3600476325061251,
    0.3544476274951098,
    0.3541695090788829,
    0.3545048289661166,
    0.3503557159427852,
    0.3480708848072004,
    0.3439644536137078,
    0.34118830931337574,
    0.3410986030655068,
    0.335075471094389,
    0.3334000025117448,
    0.3301872382812862,
    0.32670850278456,
    0.3240246668395111,
    0.3210585034346279,
    0.31905328208887124,
    0.3165826254881887,
    0.3178614578543836,
    0.31737753585421086,
    0.3139466731985913,
    0.3047555216631306,
    0.3055223549720104,
    0.3039894380649937,
    0.30119910936818345,
    0.2981569710411603,
    0.29892953029413266,
    0.2941725938129023,
    0.2875169936866197,
    0.28349208347656557,
    0.2851776388878561,
    0.2845783295259194,
    0.28308529001248034,
    0.2799988026231653,
    0.277063628289267,
    0.2775817435502,
    0.27042365671461643,
    0.267940785059949,
    0.27340751087866755,
    0.2592017427401201,
    0.25311756429541465,
    0.2502862350850166,
    0.2522607232573666,
    0.2503395132123166,
    0.24260449604394566,
    0.24291596621400696,
    0.2391549640566991,
    0.2383512753977554
  ],
  "train_acc": [
    0.254682141915062,
    0.25764969664996046,
    0.26121076233183854,
    0.2712345027697178,
    0.2732788182537589,
    0.2881825375890266,
    0.29603007122131364,
    0.2943814297019256,
    0.3005803218148246,
    0.30552624637298864,
    0.30737272487470324,
    0.314560801899235,
    0.32003429174360326,
    0.3250461619625429,
    0.32992614085993144,
    0.3307834344500132,
    0.33948826167238194,
    0.33559746768662624,
    0.3400817726193616,
    0.3532709047744658,
    0.3557108942231601,
    0.3534027960960169,
    0.3739118965972039,
    0.3697573199683461,
    0.3793194407807966,
    0.37186758111316276,
    0.3801767343708784,
    0.3859140068583487,
    0.3814956475863888,
    0.3892112898971248,
    0.3914534423634925,
    0.3933658665259826,
    0.3857821155367977,
    0.4022025850699024,
    0.40081772619361644,
    0.4038512265892904,
    0.4050382484832498,
    0.4194803481930889,
    0.4123582168293326,
    0.41216037984700604,
    0.4345159588499077,
    0.4277895014508045,
    0.4401872856766025,
    0.43372461092060144,
    0.4409786336059087,
    0.4448034819308889,
    0.4552228963334213,
    0.4486942759166447,
    0.45403587443946186
  ],
  "val_loss": [
    0.3586623917023341,
    0.3662090599536896,
    0.3557378053665161,
    0.35580052790187655,
    0.3481459209606761,
    0.34673188130060834,
    0.34931428943361553,
    0.348084504760447,
    0.3443672756354014,
    0.35452541637988316,
    0.35411940585999263,
    0.35924223916871206,
    0.3623492018807502,
    0.3586351779245195,
    0.3818827810741606,
    0.3728132840423357,
    0.3593758035983358,
    0.4093150588728133,
    0.3760772663212958,
    0.4020986429282597,
    0.38054661949475604,
    0.36808930053597405,
    0.39032977038905736,
    0.41663481011277154,
    0.408992143259162,
    0.43573723094803946,
    0.4334170225830305,
    0.4004450561035247,
    0.43478821005140034,
    0.4386294945364907,
    0.45327498621883844,
    0.45761244531188694,
    0.4165889099240303,
    0.44204603419417426,
    0.44243511912368594,
    0.44128631126312984,
    0.45232353962603067,
    0.49434987881353926,
    0.46344302630140666,
    0.4808929441940217,
    0.46705146985394613,
    0.45903842328559785,
    0.501342946220012,
    0.49405572031225475,
    0.4650217056983993,
    0.49711459946064723,
    0.49711193570068907,
    0.5206474530554953,
    0.5225413423918542
  ],
  "val_acc": [
    0.22280373831775702,
    0.23177570093457944,
    0.22953271028037384,
    0.26429906542056075,
    0.29345794392523367,
    0.30654205607476637,
    0.314392523364486,
    0.2979439252336449,
    0.29457943925233643,
    0.28710280373831776,
    0.29682242990654206,
    0.28897196261682245,
    0.2725233644859813,
    0.2811214953271028,
    0.26317757009345794,
    0.2814953271028037,
    0.29345794392523367,
    0.2758878504672897,
    0.28,
    0.28261682242990654,
    0.2829906542056075,
    0.2874766355140187,
    0.28598130841121494,
    0.27813084112149533,
    0.29158878504672897,
    0.27813084112149533,
    0.28074766355140185,
    0.26654205607476633,
    0.2814953271028037,
    0.314392523364486,
    0.28261682242990654,
    0.2441121495327103,
    0.2867289719626168,
    0.2777570093457944,
    0.26616822429906545,
    0.27102803738317754,
    0.27102803738317754,
    0.25345794392523363,
    0.28261682242990654,
    0.2714018691588785,
    0.27813084112149533,
    0.2829906542056075,
    0.2874766355140187,
    0.27551401869158876,
    0.28261682242990654,
    0.2758878504672897,
    0.2758878504672897,
    0.2736448598130841,
    0.26654205607476633
  ],
  "val_reward": [
    -497.90000000002897,
    -435.50000000002495,
    -114.39999999999927,
    -102.29999999999791,
    118.20000000000014,
    182.2000000000018,
    421.29999999998836,
    255.7000000000012,
    270.5999999999989,
    140.90000000000515,
    257.8999999999977,
    234.7999999999911,
    -56.69999999999031,
    120.20000000001224,
    -44.000000000000455,
    164.50000000001015,
    193.59999999999047,
    -15.29999999999914,
    97.80000000001073,
    23.200000000011634,
    81.30000000001104,
    121.30000000001127,
    -12.4999999999911,
    -38.79999999998993,
    188.10000000000255,
    -48.39999999999117,
    33.4000000000079,
    5.900000000011007,
    -46.69999999999124,
    259.2999999999953,
    30.300000000012382,
    -300.3999999999977,
    165.8000000000025,
    16.20000000000561,
    -120.4999999999938,
    -41.29999999999559,
    -59.7000000000012,
    -263.1999999999932,
    6.400000000007113,
    -143.4999999999968,
    -73.29999999999782,
    -53.399999999998435,
    38.600000000007164,
    -69.89999999999986,
    -15.799999999994457,
    -70.69999999999827,
    -176.4999999999968,
    -88.19999999999848,
    -251.2999999999955
  ],
  "val_trades": [
    2489,
    1985,
    544,
    533,
    798,
    1278,
    1857,
    1353,
    1834,
    1381,
    1951,
    1532,
    2197,
    2218,
    1920,
    2145,
    2024,
    2163,
    2082,
    2328,
    2057,
    2177,
    1935,
    2308,
    2349,
    2284,
    2326,
    2231,
    2177,
    2277,
    2427,
    2364,
    2282,
    2178,
    2255,
    2343,
    2207,
    2312,
    2296,
    2345,
    2303,
    2194,
    2274,
    2249,
    2258,
    2297,
    2215,
    2222,
    2243
  ]
}