{
  "train_loss": [
    0.6019560391641368,
    0.36915451552294476,
    0.35966340185217716,
    0.35631335121166857,
    0.3566594389169025,
    0.35112107969537565,
    0.35097919561691926,
    0.35075646412523487,
    0.3477076620240755,
    0.3460900817490831,
    0.34521748999503094,
    0.3454262055928194,
    0.34569877159746387,
    0.3403295636931552,
    0.3430263332173794,
    0.3416582119615772,
    0.33956180896437116,
    0.3356108629628073,
    0.33421980944866875,
    0.3335168605615318,
    0.32874224583307904,
    0.3295150426243931,
    0.3297187585367935,
    0.3239407480894765,
    0.32662754037460695,
    0.31911902796115554,
    0.3202740119982369,
    0.3165442737345957,
    0.31961754391968,
    0.31617095645218457,
    0.31079863338782315,
    0.31449711247335504,
    0.31526929699670414,
    0.31099245499206496,
    0.3079205218875459,
    0.3107047791470958,
    0.29226389822829124,
    0.2919974108285542,
    0.2937123264944503,
    0.2843230772244779,
    0.2864296810410697,
    0.28515617694029827,
    0.2828647764674722,
    0.279733879468109,
    0.2761513820931881
  ],
  "train_acc": [
    0.30110788710102876,
    0.2863360590873121,
    0.28692957003429176,
    0.29893168029543654,
    0.3072408335531522,
    0.2995911369031918,
    0.30117383276180426,
    0.3053284093906621,
    0.30684515958849906,
    0.3076365075178053,
    0.3135716169876022,
    0.3150883671854392,
    0.32049591136903194,
    0.3187813241888684,
    0.32623318385650224,
    0.3220126615668689,
    0.3217488789237668,
    0.3340147718280137,
    0.3278818253758903,
    0.3295304668952783,
    0.3402796096016882,
    0.3410050118702189,
    0.34080717488789236,
    0.3390925877077288,
    0.3462147190714851,
    0.35960168820891586,
    0.35353468741756794,
    0.3588762859403851,
    0.361777895014508,
    0.3654708520179372,
    0.36342653653389606,
    0.36204167765761014,
    0.36586652598259034,
    0.3669216565549987,
    0.3742416249010815,
    0.37654972302822476,
    0.38479293062516484,
    0.38657346346610394,
    0.3892772355579003,
    0.4018728567660248,
    0.3952782906884727,
    0.3959377472962279,
    0.40075178053284094,
    0.39461883408071746,
    0.4146003692957003
  ],
  "val_loss": [
    0.3728011878473418,
    0.34493165569646017,
    0.353106606219496,
    0.34627734408492133,
    0.3399352974125317,
    0.36320807359048296,
    0.345415955498105,
    0.3436445508684431,
    0.3442867955281621,
    0.34982765714327496,
    0.3712658921167964,
    0.36089652067139033,
    0.339988682951246,
    0.3447319780077253,
    0.34874647713842843,
    0.3456747177101317,
    0.34703037710416884,
    0.35278270287173136,
    0.3552504220888728,
    0.3535559918908846,
    0.37277862429618835,
    0.36272785990011125,
    0.3644606882617587,
    0.3563919833728245,
    0.36670865224940435,
    0.3687191399789992,
    0.36935478874615263,
    0.36253741419031504,
    0.3615592278185345,
    0.3657088599034718,
    0.3640586535135905,
    0.37139076704070684,
    0.37837698594445274,
    0.3734674311819531,
    0.3710964950067656,
    0.3925684839487076,
    0.4067183378196898,
    0.3938314091591608,
    0.38316255453087034,
    0.38840489834547043,
    0.39617155279432026,
    0.39814502462035134,
    0.42315612236658734,
    0.39684100910311654,
    0.4341025143152192
  ],
  "val_acc": [
    0.3970093457943925,
    0.314392523364486,
    0.29345794392523367,
    0.32,
    0.3540186915887851,
    0.2998130841121495,
    0.30467289719626167,
    0.33084112149532713,
    0.3405607476635514,
    0.2893457943925234,
    0.25644859813084114,
    0.25906542056074766,
    0.3076635514018692,
    0.331214953271028,
    0.3435514018691589,
    0.31588785046728973,
    0.31401869158878504,
    0.3069158878504673,
    0.30878504672897195,
    0.29757009345794394,
    0.2770093457943925,
    0.29682242990654206,
    0.29757009345794394,
    0.2874766355140187,
    0.28,
    0.3013084112149533,
    0.32186915887850465,
    0.28523364485981306,
    0.3136448598130841,
    0.2699065420560748,
    0.2766355140186916,
    0.30878504672897195,
    0.285607476635514,
    0.27065420560747666,
    0.2814953271028037,
    0.3013084112149533,
    0.29233644859813085,
    0.297196261682243,
    0.2874766355140187,
    0.285607476635514,
    0.30317757009345797,
    0.29345794392523367,
    0.29121495327102803,
    0.28186915887850467,
    0.2594392523364486
  ],
  "val_reward": [
    230.40000000000123,
    350.6999999999885,
    445.79999999998716,
    399.0999999999826,
    741.5999999999618,
    163.70000000000357,
    336.6999999999994,
    535.4999999999717,
    512.1999999999729,
    167.00000000000665,
    -217.09999999999468,
    -85.29999999999234,
    307.59999999998286,
    353.39999999999117,
    248.80000000000163,
    399.299999999982,
    382.4999999999898,
    141.10000000000966,
    307.7999999999889,
    180.40000000000907,
    50.40000000000242,
    297.1999999999941,
    132.5000000000027,
    176.20000000000553,
    60.700000000001644,
    82.90000000000768,
    175.1000000000096,
    91.40000000000906,
    230.90000000000916,
    -129.39999999999648,
    28.900000000002713,
    40.70000000000578,
    -67.29999999999949,
    -3.099999999999905,
    76.7000000000113,
    -42.40000000000088,
    -45.79999999999696,
    80.10000000001178,
    20.600000000001103,
    70.1000000000099,
    86.00000000001232,
    -0.39999999999885283,
    40.10000000000504,
    12.400000000000835,
    -163.5999999999944
  ],
  "val_trades": [
    296,
    2063,
    1402,
    1819,
    2104,
    1673,
    2083,
    2175,
    2018,
    1950,
    1921,
    2063,
    2044,
    2126,
    1512,
    2477,
    2005,
    1839,
    2182,
    2036,
    2256,
    2188,
    2065,
    1938,
    2403,
    2081,
    1979,
    2226,
    2041,
    2034,
    2101,
    1883,
    1923,
    2261,
    2163,
    1984,
    2118,
    2269,
    2094,
    2289,
    2300,
    2164,
    2229,
    2236,
    2356
  ]
}