{
  "train_loss": [
    0.6074232157272629,
    0.3709221091200028,
    0.35933805178489364,
    0.3567632235555206,
    0.35601719962393685,
    0.35027555530332816,
    0.35128940723616364,
    0.35083065933316065,
    0.34793028499506695,
    0.3454331032585997,
    0.3452225965035113,
    0.34570571440684644,
    0.3478631186082896,
    0.34473355070448125,
    0.34866420993825054,
    0.34719579619697377,
    0.34458460397861174,
    0.34357912190855805,
    0.341923445085936,
    0.34101825701033517,
    0.34027767659239627,
    0.33870797745789155,
    0.3412467631106638,
    0.33856800022507516,
    0.338555397552277,
    0.34151046587948053,
    0.33621033171058207,
    0.33501620031107326,
    0.3375168470390738,
    0.3390839812876303,
    0.3324430225267692,
    0.3377149439562222,
    0.331135865756731,
    0.3355283895625344,
    0.3329854385007786,
    0.33392099243930623,
    0.3274622915414818,
    0.3311809695596936,
    0.32897436002638775,
    0.3283948218017691,
    0.3255837430179371,
    0.3290172899574167,
    0.32668876094657157,
    0.3221101363499959,
    0.32624768776984153,
    0.3258538925195042,
    0.3283574963420755,
    0.3214380838574237,
    0.3247513629590409,
    0.3243397551624081,
    0.3235852283893255,
    0.31026244226387284,
    0.30364949026691257,
    0.30940607894322036,
    0.303935320505613,
    0.30833154181136363,
    0.304395296151125,
    0.30273978487600256,
    0.3037491541371567,
    0.301766441404065
  ],
  "train_acc": [
    0.3022289633342126,
    0.28218148245845426,
    0.290886309680823,
    0.294051701398048,
    0.3071748878923767,
    0.2977446584014772,
    0.2967554734898444,
    0.3066473226061725,
    0.3043392244790293,
    0.30579002901609076,
    0.31198892112898974,
    0.31014244262727514,
    0.31686890002637824,
    0.31159324716433656,
    0.31119757319968344,
    0.31343972566605116,
    0.31212081245054074,
    0.3154180954893168,
    0.3123186494328673,
    0.3185175415457663,
    0.31673700870482724,
    0.3229359008177262,
    0.3191769981535215,
    0.3154180954893168,
    0.32089158533368506,
    0.3226061725138486,
    0.3230677921392772,
    0.3244526510155632,
    0.32900290160907414,
    0.3278818253758903,
    0.3324980216301767,
    0.3217488789237668,
    0.3336190978633606,
    0.32814560801899234,
    0.3391585333685044,
    0.33467422843576894,
    0.3371801635452387,
    0.34080717488789236,
    0.342917436032709,
    0.33698232656291216,
    0.33948826167238194,
    0.33882880506462676,
    0.3439725666051174,
    0.3468741756792403,
    0.34746768662622,
    0.3485228171986283,
    0.3456212081245054,
    0.34924821946715906,
    0.34410445792666844,
    0.34041150092323924,
    0.3500395673964653,
    0.36019519915589554,
    0.3673832761804273,
    0.3635584278554471,
    0.3619757319968346,
    0.3618438406752836,
    0.3759562120812451,
    0.3808361909786336,
    0.37562648377736746,
    0.38103402796096014
  ],
  "val_loss": [
    0.40949834670339313,
    0.341080421493167,
    0.3439269285826456,
    0.34837796361673445,
    0.34231921782096225,
    0.3624798059463501,
    0.3453175893851689,
    0.34384267103104366,
    0.34779808705761317,
    0.3509540728160313,
    0.3537945264861697,
    0.3399924515258698,
    0.3449760725100835,
    0.3370834305172875,
    0.34967006955827984,
    0.34818833072980243,
    0.3402758744500932,
    0.34881327727011274,
    0.35630510321685244,
    0.3363876019914945,
    0.3521814505968775,
    0.3439006628025146,
    0.3512747266462871,
    0.36298340062300366,
    0.3479176820034072,
    0.34261017115343184,
    0.3503503944902193,
    0.3410922083116713,
    0.3493256153804915,
    0.3505089808078039,
    0.34100092202425003,
    0.3472251682764008,
    0.35212163627147675,
    0.34612097697598593,
    0.3417410793758574,
    0.3562398975094159,
    0.3981804535502479,
    0.3602569685095832,
    0.3529311663338116,
    0.35717015252226875,
    0.3730731712920325,
    0.35779413722810294,
    0.3693524588431631,
    0.3537651204637119,
    0.36179907868305844,
    0.3719586130409014,
    0.36759427260784877,
    0.3669102873120989,
    0.3694537164909499,
    0.3860687673801467,
    0.3766492321377709,
    0.37036596557923723,
    0.36718991576206117,
    0.3682299831083843,
    0.38737103733278455,
    0.3947609482066972,
    0.3686443233773822,
    0.3710718793528421,
    0.38014908063979375,
    0.38279753355752855
  ],
  "val_acc": [
    0.3955140186915888,
    0.30990654205607476,
    0.2964485981308411,
    0.2803738317757009,
    0.3525233644859813,
    0.3177570093457944,
    0.31065420560747664,
    0.30542056074766355,
    0.3394392523364486,
    0.27102803738317754,
    0.3016822429906542,
    0.29570093457943925,
    0.27850467289719627,
    0.31962616822429907,
    0.30616822429906543,
    0.3005607476635514,
    0.3155140186915888,
    0.3005607476635514,
    0.30093457943925234,
    0.33607476635514016,
    0.30355140186915885,
    0.30654205607476637,
    0.32373831775700934,
    0.3091588785046729,
    0.314392523364486,
    0.33084112149532713,
    0.3128971962616822,
    0.3121495327102804,
    0.32934579439252337,
    0.29345794392523367,
    0.2964485981308411,
    0.3050467289719626,
    0.297196261682243,
    0.2919626168224299,
    0.2964485981308411,
    0.32186915887850465,
    0.32934579439252337,
    0.2964485981308411,
    0.3125233644859813,
    0.30018691588785046,
    0.3110280373831776,
    0.32373831775700934,
    0.2882242990654206,
    0.31588785046728973,
    0.2814953271028037,
    0.33233644859813083,
    0.3110280373831776,
    0.3241121495327103,
    0.3514018691588785,
    0.32485981308411216,
    0.27289719626168224,
    0.308411214953271,
    0.285607476635514,
    0.3069158878504673,
    0.30317757009345797,
    0.3416822429906542,
    0.33158878504672895,
    0.31514018691588785,
    0.32,
    0.33084112149532713
  ],
  "val_reward": [
    164.7000000000024,
    470.5999999999824,
    536.0999999999863,
    21.60000000000133,
    717.9999999999686,
    348.3999999999954,
    501.99999999997783,
    482.59999999997547,
    466.4999999999677,
    71.90000000000232,
    40.50000000000382,
    311.7999999999922,
    203.4000000000089,
    479.69999999996185,
    353.49999999999596,
    364.79999999995823,
    546.9999999999745,
    153.50000000001125,
    279.3999999999796,
    575.3999999999689,
    292.39999999999355,
    552.6999999999694,
    365.59999999998854,
    319.9999999999856,
    425.49999999998965,
    544.9999999999785,
    361.29999999998324,
    378.59999999998604,
    357.29999999998904,
    289.8000000000013,
    276.59999999999883,
    274.60000000000053,
    143.5000000000092,
    133.7000000000071,
    220.3000000000067,
    167.60000000000775,
    272.3000000000033,
    270.60000000000605,
    313.1000000000009,
    351.3999999999912,
    386.09999999998956,
    446.69999999998583,
    231.50000000001103,
    435.8999999999844,
    172.80000000001166,
    360.3999999999982,
    342.499999999995,
    400.09999999998826,
    404.69999999998134,
    232.30000000000467,
    -5.699999999999116,
    152.30000000000976,
    139.10000000000855,
    262.70000000000016,
    251.10000000000574,
    319.69999999999635,
    382.6999999999849,
    302.4999999999935,
    252.60000000000753,
    344.3999999999939
  ],
  "val_trades": [
    843,
    1994,
    1429,
    1944,
    1820,
    1236,
    2060,
    1794,
    2085,
    1651,
    1545,
    1662,
    1826,
    2193,
    1835,
    2312,
    1990,
    2075,
    2386,
    1946,
    2156,
    2003,
    1744,
    2040,
    2035,
    1770,
    1737,
    1794,
    1897,
    1962,
    1934,
    1794,
    1855,
    1893,
    1927,
    1844,
    1727,
    2114,
    1999,
    2306,
    2329,
    1943,
    2095,
    2091,
    2152,
    1556,
    1885,
    1949,
    1803,
    1607,
    2027,
    2007,
    2099,
    1743,
    2019,
    1993,
    2023,
    2165,
    1934,
    1836
  ]
}