{
  "accuracy": 0.419435736677116,
  "precision_macro": 0.45303511242844025,
  "recall_macro": 0.48797062994180784,
  "f1_macro": 0.421723904839834,
  "confusion_matrix": [
    [
      191,
      276,
      345
    ],
    [
      78,
      253,
      105
    ],
    [
      45,
      77,
      225
    ]
  ]
}