{
  "accuracy": 0.37178683385579936,
  "precision_macro": 0.38621322583411954,
  "recall_macro": 0.4925986924577,
  "f1_macro": 0.3425148457254301,
  "confusion_matrix": [
    [
      21,
      455,
      336
    ],
    [
      21,
      334,
      81
    ],
    [
      8,
      101,
      238
    ]
  ]
}