{
  "train_loss": [
    0.3700967448673168,
    0.3575664640478947,
    0.3544471256340606,
    0.3533109041708934,
    0.3476789685492777,
    0.34567561406123487,
    0.3412636422909765,
    0.33835686887869854,
    0.33391642972889835,
    0.33300742544705353,
    0.3345113282213734,
    0.33019881874700135,
    0.3264761184841269,
    0.31925619226970753,
    0.3178301463021508,
    0.31745612269212425,
    0.31289937639538246,
    0.30985145503458594,
    0.30192687145516844,
    0.30071474121341224,
    0.3028006358111458,
    0.298494559488719,
    0.2945408584699349,
    0.290701588372138,
    0.2972920898520997,
    0.2927874192784104,
    0.2967335597498004,
    0.2909115122214651,
    0.2908294073891539,
    0.2870553764612866,
    0.2884261098214846,
    0.2882761413286507,
    0.28855333612437994,
    0.2852149393865328,
    0.28336845558403917,
    0.2804506311688242,
    0.2718747443036188,
    0.26998913960869303,
    0.26340768835212613,
    0.2648334443443435,
    0.2711386190185064,
    0.2652706223449627,
    0.2668139221547525,
    0.26314642365220225,
    0.2596212013109827,
    0.25743598965652886
  ],
  "train_acc": [
    0.2579134792930625,
    0.25646267475600104,
    0.26615668689000266,
    0.27466367713004486,
    0.28884199419678186,
    0.3036797678712741,
    0.31139541018201,
    0.3226061725138486,
    0.3160116064362965,
    0.3286731733051965,
    0.33045370614613556,
    0.34034555526246374,
    0.33381693484568714,
    0.3462806647322606,
    0.35010551305724086,
    0.34924821946715906,
    0.35175415457662884,
    0.35861250329728306,
    0.3588103402796096,
    0.3731205486678977,
    0.3594038512265893,
    0.37054866789765234,
    0.3735821682933263,
    0.3839356370350831,
    0.3778686362437352,
    0.3881561593247164,
    0.3754945924558164,
    0.3808361909786336,
    0.39033236613030864,
    0.4009496175151675,
    0.3848588762859404,
    0.3925085729359008,
    0.39554207333157476,
    0.38881561593247166,
    0.3965312582432076,
    0.3943550514376154,
    0.40253231337378,
    0.40207069374835136,
    0.4188868372461092,
    0.4164468477974149,
    0.4080058032181482,
    0.4153917172250066,
    0.41486415193880244,
    0.4220522289633342,
    0.4169084674228436,
    0.42442627275125294
  ],
  "val_loss": [
    0.3587640630347388,
    0.3605761407386689,
    0.35775424469084965,
    0.35944900910059613,
    0.3520573352773984,
    0.3598358549532436,
    0.3572799939484823,
    0.3561120792513802,
    0.3565156537862051,
    0.3720651694706508,
    0.36679741953100475,
    0.3742955770520937,
    0.37483288773468565,
    0.3891879923286892,
    0.42069331450121744,
    0.3875268665807588,
    0.4155960615192141,
    0.3981042085658936,
    0.41505767759822665,
    0.43445541248435066,
    0.4007327120218958,
    0.42107158189728144,
    0.4678058624267578,
    0.41724785488276256,
    0.42648504000334514,
    0.4587388968183881,
    0.4326971872221856,
    0.4432960063928649,
    0.4381662224020277,
    0.4340076038525218,
    0.43479769783360617,
    0.438045176366965,
    0.44949166973431903,
    0.45268447200457257,
    0.4381489647286279,
    0.44719673906053814,
    0.46631459217695964,
    0.44866031337352025,
    0.4999923393839881,
    0.4852444302468073,
    0.4781828423341115,
    0.44682748970531283,
    0.4883379542401859,
    0.48594299526441664,
    0.47833963944798424,
    0.4925030636645499
  ],
  "val_acc": [
    0.22280373831775702,
    0.25457943925233645,
    0.25570093457943927,
    0.27738317757009345,
    0.2691588785046729,
    0.25719626168224297,
    0.2938317757009346,
    0.268411214953271,
    0.26616822429906545,
    0.268411214953271,
    0.2979439252336449,
    0.28710280373831776,
    0.262803738317757,
    0.28523364485981306,
    0.2714018691588785,
    0.2983177570093458,
    0.2672897196261682,
    0.2751401869158879,
    0.2736448598130841,
    0.2788785046728972,
    0.28710280373831776,
    0.27738317757009345,
    0.28074766355140185,
    0.2882242990654206,
    0.25719626168224297,
    0.285607476635514,
    0.2770093457943925,
    0.26654205607476633,
    0.25121495327102805,
    0.26429906542056075,
    0.27813084112149533,
    0.27850467289719627,
    0.2680373831775701,
    0.2732710280373832,
    0.26953271028037384,
    0.2814953271028037,
    0.2766355140186916,
    0.2714018691588785,
    0.2601869158878505,
    0.2714018691588785,
    0.2725233644859813,
    0.28261682242990654,
    0.2900934579439252,
    0.26953271028037384,
    0.2788785046728972,
    0.2646728971962617
  ],
  "val_reward": [
    -324.9000000000098,
    -50.19999999999787,
    -63.99999999999943,
    112.00000000000156,
    -0.3999999999998405,
    -72.29999999999974,
    244.69999999999595,
    58.000000000006466,
    83.5000000000062,
    -19.899999999993888,
    173.50000000000455,
    166.20000000000127,
    32.20000000000642,
    183.79999999999987,
    -69.99999999999862,
    132.60000000000116,
    -11.799999999998649,
    -6.69999999999369,
    -16.29999999999922,
    67.30000000000283,
    87.60000000000073,
    -7.799999999998612,
    37.00000000000186,
    13.200000000002744,
    -172.3999999999958,
    48.90000000000211,
    107.40000000000467,
    -98.19999999999808,
    -106.39999999999827,
    -80.49999999999953,
    43.10000000000295,
    139.80000000000294,
    -15.399999999999045,
    -43.8999999999993,
    -39.19999999999888,
    74.00000000000391,
    -7.199999999998884,
    -52.89999999999897,
    -137.39999999999458,
    -34.19999999999967,
    -91.39999999999833,
    44.00000000000585,
    9.600000000001225,
    -62.99999999999867,
    51.60000000000419,
    -108.49999999999493
  ],
  "val_trades": [
    1339,
    922,
    1480,
    1360,
    1724,
    1673,
    1843,
    1740,
    1695,
    1909,
    1995,
    1918,
    1978,
    2062,
    2060,
    2094,
    2138,
    2137,
    2113,
    1957,
    2124,
    1978,
    2130,
    2228,
    2044,
    2221,
    2226,
    2162,
    2184,
    2175,
    2099,
    2182,
    2214,
    1989,
    2032,
    2140,
    2072,
    2099,
    2194,
    2282,
    2014,
    2080,
    2064,
    2130,
    2244,
    2135
  ]
}