session,mean_atr,median_atr,pct_atr_above_q75
Close,12.917298,8.982143,0.203093
Midday,15.16675,11.482143,0.265533
Open,17.315874,14.714286,0.326601
