{
  "train_loss": [
    0.36874206634513434,
    0.3578762536561942,
    0.35651110030930755,
    0.35142902243992447,
    0.35221806067957656,
    0.3469766875108083,
    0.34620100322654984,
    0.33943854454700456,
    0.3428514572135507,
    0.33918288123758533,
    0.33761602401230406,
    0.3335825912811585,
    0.328075586994992,
    0.3260664529941253,
    0.32822185038011287,
    0.3204533005062538,
    0.3148842692878176,
    0.31052911501645036,
    0.3072566015307913,
    0.3085658818106108,
    0.302226809635444,
    0.2975914287793485,
    0.2928809748671729,
    0.29903855240797694,
    0.29249784501293036,
    0.29157507941441196,
    0.2884441726695636,
    0.28996031181218757,
    0.2844974220050538,
    0.28000060880737465,
    0.2813014491826673,
    0.2852896933565663,
    0.26297012531053165,
    0.26050317972772735,
    0.25872374505181855,
    0.2602846449563272,
    0.25390181530125533,
    0.25210239395562106,
    0.25391154513077396,
    0.2488629450777915,
    0.24818313744249224,
    0.24442971073373965,
    0.24419372846305623,
    0.2497813397947746,
    0.23922062932438992,
    0.24236221976169553,
    0.2402125012271012,
    0.23739857009694545,
    0.23349031252700064,
    0.23285240890607553,
    0.2386563550445098,
    0.2289258483718719
  ],
  "train_acc": [
    0.2474940648905302,
    0.2627934581904511,
    0.26483777367449224,
    0.2704431548404115,
    0.2835663413347402,
    0.2862701134265365,
    0.30071221313637564,
    0.3052624637298866,
    0.3078343445001319,
    0.31146135584278556,
    0.3210894223160116,
    0.31864943286731734,
    0.3330255869163809,
    0.3390925877077288,
    0.33474017409654444,
    0.3376417831706674,
    0.35544711158005804,
    0.3534687417567924,
    0.35966763386969136,
    0.3477974149300976,
    0.3636903191769982,
    0.37061461355842784,
    0.3751648641519388,
    0.38004484304932734,
    0.385320495911369,
    0.38479293062516484,
    0.3895410182010024,
    0.3873648113954102,
    0.40576365075178056,
    0.3994328673173305,
    0.3974544974940649,
    0.40081772619361644,
    0.4154576628857821,
    0.4216565549986811,
    0.4223160116064363,
    0.41862305460300714,
    0.41901872856766026,
    0.4315484041150092,
    0.4305592192033764,
    0.4345819045106832,
    0.43563703508309154,
    0.4463202321287259,
    0.4487602215774202,
    0.4301635452387233,
    0.4494856238459509,
    0.43939593774729624,
    0.44513321023476654,
    0.44223160116064364,
    0.45548667897652334,
    0.4546293853864416,
    0.4515299393299921,
    0.45647586388815614
  ],
  "val_loss": [
    0.358122733377275,
    0.3588034240972428,
    0.3614010718606767,
    0.3616366663149425,
    0.36264541816143764,
    0.3650523935045515,
    0.3837026485374996,
    0.3718677028304055,
    0.37400849092574345,
    0.40329234231086003,
    0.4116867518141156,
    0.3862979532707305,
    0.37836144900038127,
    0.3982739576271602,
    0.4046330757084347,
    0.398175400637445,
    0.4021735819322722,
    0.42473392011154265,
    0.4185784189474015,
    0.4227396146882148,
    0.41791184069145293,
    0.41558856552555445,
    0.4474087304302624,
    0.42402862580049605,
    0.45322111071575255,
    0.45607155632405055,
    0.4578212613151187,
    0.44765666836784,
    0.4438477790071851,
    0.44108831350292477,
    0.4535524639345351,
    0.4368904247170403,
    0.48226435766333625,
    0.48282066058544887,
    0.49613272505147116,
    0.4866380028071858,
    0.5418526913438525,
    0.5174982210709935,
    0.4876072229374023,
    0.5075508568968091,
    0.5204679135765348,
    0.5282947694261869,
    0.5197156014896575,
    0.511035456543877,
    0.5432245578794253,
    0.5308342689559573,
    0.5460071013796897,
    0.5512924527838117,
    0.5932419718731017,
    0.5807333173496383,
    0.5683370438360033,
    0.5864905055080142
  ],
  "val_acc": [
    0.2194392523364486,
    0.22429906542056074,
    0.22766355140186917,
    0.22355140186915887,
    0.23626168224299066,
    0.24,
    0.23700934579439253,
    0.2444859813084112,
    0.23738317757009345,
    0.23514018691588784,
    0.22355140186915887,
    0.24897196261682242,
    0.2594392523364486,
    0.24897196261682242,
    0.24710280373831775,
    0.2560747663551402,
    0.2575700934579439,
    0.2366355140186916,
    0.2467289719626168,
    0.23813084112149532,
    0.2583177570093458,
    0.25345794392523363,
    0.25196261682242993,
    0.2553271028037383,
    0.2542056074766355,
    0.25345794392523363,
    0.2463551401869159,
    0.24897196261682242,
    0.25457943925233645,
    0.23588785046728972,
    0.2542056074766355,
    0.24822429906542057,
    0.25570093457943927,
    0.25906542056074766,
    0.2508411214953271,
    0.2560747663551402,
    0.25383177570093457,
    0.25981308411214954,
    0.2605607476635514,
    0.26242990654205606,
    0.26953271028037384,
    0.2680373831775701,
    0.2549532710280374,
    0.2635514018691589,
    0.2616822429906542,
    0.25457943925233645,
    0.25196261682242993,
    0.26504672897196263,
    0.2568224299065421,
    0.2758878504672897,
    0.2575700934579439,
    0.2714018691588785
  ],
  "val_reward": [
    -371.80000000000433,
    -163.6999999999973,
    -188.49999999999667,
    -239.7999999999972,
    -370.90000000001834,
    -148.99999999999972,
    -299.2999999999951,
    -281.2999999999941,
    -249.49999999999045,
    -281.0999999999939,
    -358.9999999999995,
    -230.8999999999949,
    -110.19999999999762,
    -222.59999999999403,
    -351.1000000000095,
    -232.09999999999135,
    -164.29999999999575,
    -323.59999999999803,
    -260.39999999999617,
    -344.59999999999934,
    -178.0999999999965,
    -190.79999999999688,
    -209.19999999999527,
    -193.9999999999935,
    -146.1999999999964,
    -180.89999999999299,
    -245.299999999995,
    -241.99999999999537,
    -248.19999999999723,
    -377.79999999999995,
    -179.99999999999878,
    -284.5999999999947,
    -231.59999999999678,
    -198.69999999999672,
    -271.69999999999675,
    -296.29999999999785,
    -333.39999999999804,
    -273.89999999999566,
    -182.3999999999972,
    -179.59999999999548,
    -164.09999999999383,
    -121.19999999999649,
    -260.9999999999965,
    -129.69999999999203,
    -172.99999999999653,
    -270.09999999999593,
    -241.8999999999968,
    -201.09999999999582,
    -278.5999999999967,
    -170.69999999999754,
    -276.1999999999968,
    -173.19999999999834
  ],
  "val_trades": [
    978,
    727,
    895,
    738,
    2159,
    910,
    1603,
    1703,
    2165,
    2041,
    1930,
    1919,
    2122,
    2126,
    2141,
    1971,
    2193,
    2156,
    2284,
    2066,
    2271,
    2068,
    2132,
    2260,
    2322,
    2179,
    2263,
    2300,
    2262,
    2278,
    2280,
    2186,
    2316,
    2257,
    2287,
    2233,
    2234,
    2289,
    2304,
    2276,
    2291,
    2212,
    2350,
    2267,
    2310,
    2271,
    2369,
    2321,
    2286,
    2297,
    2262,
    2332
  ]
}