{
  "train_loss": [
    0.3717676116947383,
    0.36019860717314706,
    0.35702782001676436,
    0.35386616004167226,
    0.35391361841672586,
    0.3466319382693697,
    0.3384592829877314,
    0.33478179926107704,
    0.33660408942508296,
    0.3364794590050661,
    0.33153822728853183,
    0.3263173709438823,
    0.3220480041664864,
    0.32350466881371753,
    0.31981902710999116,
    0.3164065685201798,
    0.3099973678966112,
    0.30840104164453497,
    0.3008806750744204,
    0.30674999317287893,
    0.30440807952408044,
    0.29460733959191965,
    0.2982555212225089,
    0.2978581461725356,
    0.2995584805177737,
    0.2976125037997081,
    0.2941598747601489,
    0.2897584442725161,
    0.2943312635778878,
    0.2858686831933034,
    0.2847346676678597,
    0.28455626040319854,
    0.28267045237344024,
    0.2766681483903515,
    0.27744689722101396,
    0.2832953996547667,
    0.2657831611764079,
    0.26649762117913,
    0.26603171241937307,
    0.26345510233806657,
    0.26305415660520143,
    0.2569356388432064,
    0.25751804777338533,
    0.2569056658805171,
    0.2549644714920833,
    0.25306132737594317,
    0.2555436036129038,
    0.2506351489180754,
    0.24855951191503792,
    0.25117373504216156
  ],
  "train_acc": [
    0.2529016090741229,
    0.2504616196254286,
    0.2565945660775521,
    0.26061725138485886,
    0.2753890793985756,
    0.30110788710102876,
    0.308098127143234,
    0.31812186758111316,
    0.32372724874703246,
    0.3292666842521762,
    0.3329596412556054,
    0.33183856502242154,
    0.3400158269585861,
    0.3433131099973622,
    0.34265365338960696,
    0.3457530994460564,
    0.35353468741756794,
    0.35584278554471116,
    0.3590741229227117,
    0.35927195990503824,
    0.36204167765761014,
    0.37569242943814296,
    0.37668161434977576,
    0.3768135056713268,
    0.3745713532049591,
    0.3824848324980216,
    0.38096808230018464,
    0.3915853336850435,
    0.3881561593247164,
    0.3981798997625956,
    0.39883935637035084,
    0.39633342126088106,
    0.4004220522289633,
    0.3965312582432076,
    0.40213663940912686,
    0.39415721445528884,
    0.413677130044843,
    0.421392772355579,
    0.41585333685043524,
    0.43326299129517276,
    0.4264705882352941,
    0.4362305460300712,
    0.435439198100765,
    0.4406489053020311,
    0.43128462147190716,
    0.43946188340807174,
    0.4401872856766025,
    0.4364943286731733,
    0.43939593774729624,
    0.44176998153521496
  ],
  "val_loss": [
    0.3577128457171576,
    0.35942279937721433,
    0.3604347010453542,
    0.3598954315696444,
    0.34851175262814477,
    0.3553013297773543,
    0.34953831349100384,
    0.3656991876306988,
    0.3647553324699402,
    0.35478447732471285,
    0.35106411008607774,
    0.36061397868962514,
    0.35862944310619715,
    0.36009941853228067,
    0.37017556599208284,
    0.3734480398041861,
    0.38588246135484605,
    0.3753016676221575,
    0.3941373062275705,
    0.4031641791973795,
    0.412786843876044,
    0.40776719791548593,
    0.405928970802398,
    0.4335965957669985,
    0.4005377501958892,
    0.4462781229189464,
    0.46857070993809474,
    0.4150427029955955,
    0.44682966882274266,
    0.47205007998716264,
    0.44781247668323065,
    0.4607892728277615,
    0.4367199345003991,
    0.47792579588435946,
    0.4819287153936568,
    0.45320658208358855,
    0.5122111308432761,
    0.5033629203126544,
    0.5367627949232147,
    0.5055038251337551,
    0.49981227836438585,
    0.5122219820817312,
    0.5076624438876197,
    0.5079997703433037,
    0.5155392388502756,
    0.5603110893141656,
    0.537060739383811,
    0.5642524776714188,
    0.5317877073373113,
    0.5201112957937377
  ],
  "val_acc": [
    0.23588785046728972,
    0.22280373831775702,
    0.22467289719626168,
    0.2635514018691589,
    0.24822429906542057,
    0.2848598130841121,
    0.29345794392523367,
    0.24822429906542057,
    0.27102803738317754,
    0.27102803738317754,
    0.29682242990654206,
    0.29495327102803737,
    0.28261682242990654,
    0.29046728971962615,
    0.2867289719626168,
    0.28373831775700936,
    0.29046728971962615,
    0.2777570093457944,
    0.28897196261682245,
    0.2848598130841121,
    0.25383177570093457,
    0.2680373831775701,
    0.2680373831775701,
    0.27214953271028036,
    0.30205607476635515,
    0.2986915887850467,
    0.2575700934579439,
    0.26542056074766357,
    0.26953271028037384,
    0.29121495327102803,
    0.28186915887850467,
    0.27925233644859815,
    0.2717757009345794,
    0.2867289719626168,
    0.25644859813084114,
    0.2714018691588785,
    0.2893457943925234,
    0.2874766355140187,
    0.28523364485981306,
    0.28897196261682245,
    0.2672897196261682,
    0.2732710280373832,
    0.2863551401869159,
    0.28074766355140185,
    0.28523364485981306,
    0.30728971962616825,
    0.2777570093457944,
    0.2908411214953271,
    0.3110280373831776,
    0.29046728971962615
  ],
  "val_reward": [
    -119.9999999999992,
    -346.200000000004,
    -426.9000000000193,
    146.70000000000203,
    269.59999999999496,
    144.40000000000634,
    110.30000000000362,
    -16.099999999993365,
    68.10000000000346,
    188.00000000000338,
    337.19999999996315,
    283.6999999999871,
    153.20000000000192,
    284.49999999998295,
    118.50000000000577,
    229.09999999999332,
    233.30000000000408,
    8.900000000007935,
    139.49999999999963,
    108.30000000000433,
    -56.39999999999461,
    -40.29999999999542,
    -5.499999999995982,
    3.500000000006598,
    59.80000000000712,
    102.30000000000567,
    -165.89999999999677,
    -32.8999999999959,
    -97.3999999999973,
    -65.59999999999877,
    -48.09999999999517,
    -3.899999999993835,
    -23.19999999999542,
    30.100000000005124,
    -145.59999999999914,
    -67.69999999999361,
    -138.39999999999864,
    -100.39999999999549,
    -41.59999999999393,
    -18.999999999992887,
    -102.09999999999764,
    -67.8999999999974,
    -115.69999999999865,
    -107.79999999999758,
    -125.49999999999955,
    -125.69999999999862,
    -157.39999999999796,
    -130.60000000000008,
    -49.09999999999351,
    -53.39999999999665
  ],
  "val_trades": [
    880,
    1802,
    2399,
    1703,
    704,
    1796,
    1507,
    1811,
    1829,
    1600,
    2028,
    1793,
    2108,
    1905,
    2005,
    1759,
    2137,
    2181,
    1935,
    2007,
    1844,
    1913,
    1965,
    2135,
    1822,
    2067,
    2169,
    1939,
    2034,
    1896,
    2091,
    1989,
    1992,
    2009,
    2176,
    2047,
    2064,
    2124,
    2096,
    2090,
    2151,
    2109,
    2087,
    2138,
    2005,
    2027,
    2074,
    2086,
    2001,
    2154
  ]
}