{
  "train_loss": [
    0.6218423498833733,
    0.3703836325854692,
    0.3590030858788309,
    0.35695497471571974,
    0.3557277193552331,
    0.351177759814363,
    0.3509911742642962,
    0.35144314572277957,
    0.3472954908755258,
    0.343313149762053,
    0.3455131521707849,
    0.3454101002669033,
    0.3457607748890728,
    0.34296883271716316,
    0.34673301328586625,
    0.34440422146129207,
    0.34266033014164693,
    0.34049846363973013,
    0.3389448565018328,
    0.33912165796203453,
    0.3379302576875888,
    0.33453869178325313,
    0.33770027278847836,
    0.33167922169850345,
    0.33078768170332606,
    0.33273121022976904,
    0.3312547620590226,
    0.3280039691220859,
    0.3295151123517676,
    0.32963760568119804,
    0.32296928769676997,
    0.3307600785911335,
    0.3238257892775636,
    0.3242252938732316,
    0.3237817867144251,
    0.32332248155829274,
    0.32385564334533384,
    0.3214233059294616,
    0.32425932076912894,
    0.3190006509989123,
    0.31390108488783053,
    0.3199332384117545,
    0.31753292918708254,
    0.3130090485645246,
    0.3058863506664204,
    0.30098850754745904,
    0.3054247385338892,
    0.30065568703136364,
    0.2994581312569888,
    0.29918250529574947,
    0.30316230371783054,
    0.2971048418605378,
    0.29220689254722515
  ],
  "train_acc": [
    0.3059878659984173,
    0.28422579794249536,
    0.290886309680823,
    0.2968214191506199,
    0.3069770509100501,
    0.29603007122131364,
    0.29833816934845686,
    0.30506462674756,
    0.31014244262727514,
    0.3090213663940913,
    0.309746768662622,
    0.3098127143233975,
    0.31812186758111316,
    0.3164732260617251,
    0.3175283566341335,
    0.31911105249274596,
    0.3146926932207861,
    0.32570561857029806,
    0.31897916117119496,
    0.3257715642310736,
    0.3220786072276444,
    0.3270245317858085,
    0.32999208652070694,
    0.3255077815879715,
    0.33137694539699286,
    0.3324320759694012,
    0.3329596412556054,
    0.3376417831706674,
    0.34542337114217886,
    0.34364283830123976,
    0.3440385122658929,
    0.3335531522025851,
    0.34311527301503564,
    0.34740174096544446,
    0.35399630704299656,
    0.3503033500395674,
    0.3490503824848325,
    0.3484568715378528,
    0.3534027960960169,
    0.3597995251912424,
    0.3607227644420997,
    0.3527433394882617,
    0.3590741229227117,
    0.35676602479556846,
    0.374175679240306,
    0.3824848324980216,
    0.37180163545238726,
    0.3757583750989185,
    0.3769453969928779,
    0.3730546030071221,
    0.37945133210234766,
    0.380506462674756,
    0.38888156159324716
  ],
  "val_loss": [
    0.37459732592105865,
    0.34342256897971746,
    0.34278121022951036,
    0.35425757865111035,
    0.3411522287698019,
    0.35694141544046853,
    0.3433414704742886,
    0.34073125038828167,
    0.34298614589940934,
    0.35899199758257183,
    0.3515238609342348,
    0.3489982755411239,
    0.33497636091141475,
    0.33812352482761654,
    0.3419935018533752,
    0.3463517001696995,
    0.3424775643008096,
    0.3661398593158949,
    0.34726925442616147,
    0.3394754543190911,
    0.3578415080195382,
    0.34382143794071107,
    0.350764461571262,
    0.3536657009805952,
    0.3417042359000161,
    0.35155721399046125,
    0.3435936208282198,
    0.3413860145069304,
    0.35483751800798236,
    0.36457670763844535,
    0.34678540094977334,
    0.35395307271253496,
    0.35364481310049695,
    0.3549156118006933,
    0.3498864847989309,
    0.3662697417395456,
    0.3651989208800452,
    0.370547748037747,
    0.3493902747120176,
    0.365348797468912,
    0.3715838683503015,
    0.3799395394467172,
    0.34989074369271594,
    0.361349089159852,
    0.3751151469491777,
    0.39797499030828476,
    0.3713276936184792,
    0.3782327380918321,
    0.3835291319659778,
    0.40256288470256896,
    0.3842337234389214,
    0.37968821078538895,
    0.40613546399843126
  ],
  "val_acc": [
    0.3958878504672897,
    0.31177570093457946,
    0.33981308411214955,
    0.2788785046728972,
    0.34317757009345795,
    0.3244859813084112,
    0.28710280373831776,
    0.32186915887850465,
    0.3558878504672897,
    0.27476635514018694,
    0.3076635514018692,
    0.27289719626168224,
    0.30355140186915885,
    0.3267289719626168,
    0.3401869158878505,
    0.30467289719626167,
    0.32037383177570095,
    0.2788785046728972,
    0.3069158878504673,
    0.31700934579439255,
    0.29757009345794394,
    0.308411214953271,
    0.314392523364486,
    0.33233644859813083,
    0.31962616822429907,
    0.2964485981308411,
    0.33682242990654204,
    0.29457943925233643,
    0.3211214953271028,
    0.2751401869158879,
    0.2882242990654206,
    0.31588785046728973,
    0.2908411214953271,
    0.2717757009345794,
    0.3057943925233645,
    0.2635514018691589,
    0.3013084112149533,
    0.2919626168224299,
    0.3147663551401869,
    0.2848598130841121,
    0.30093457943925234,
    0.2986915887850467,
    0.30803738317757007,
    0.28074766355140185,
    0.30355140186915885,
    0.2897196261682243,
    0.2900934579439252,
    0.2822429906542056,
    0.32897196261682243,
    0.28785046728971964,
    0.2702803738317757,
    0.2942056074766355,
    0.28785046728971964
  ],
  "val_reward": [
    261.40000000000134,
    504.49999999997544,
    762.399999999967,
    -53.79999999999864,
    735.8999999999616,
    389.0999999999913,
    194.9000000000083,
    598.5999999999639,
    666.9999999999675,
    -26.399999999999913,
    24.600000000001756,
    -40.899999999998876,
    394.7999999999648,
    503.7999999999614,
    371.899999999993,
    403.8999999999599,
    542.5999999999735,
    49.90000000000527,
    423.7999999999769,
    306.0999999999994,
    195.40000000000865,
    361.3999999999909,
    420.69999999999334,
    387.79999999999154,
    509.2999999999763,
    369.6999999999884,
    457.3999999999823,
    373.0999999999829,
    334.5999999999743,
    17.10000000000092,
    246.90000000000268,
    378.29999999999376,
    125.90000000000902,
    41.200000000000415,
    298.2999999999983,
    -121.19999999999257,
    167.20000000000954,
    226.0000000000113,
    388.69999999998004,
    125.50000000001054,
    324.89999999997224,
    170.00000000000836,
    415.49999999998954,
    161.70000000001025,
    267.40000000000515,
    72.20000000000188,
    220.5000000000101,
    102.40000000000721,
    293.19999999999766,
    63.100000000007036,
    3.400000000001168,
    190.70000000001005,
    29.69999999999936
  ],
  "val_trades": [
    566,
    1945,
    2016,
    2118,
    2091,
    1239,
    2081,
    2034,
    1990,
    1904,
    1654,
    2219,
    2012,
    2222,
    1571,
    2371,
    1994,
    1871,
    2182,
    1969,
    2146,
    2126,
    1643,
    1942,
    2057,
    1853,
    1766,
    1999,
    2114,
    2159,
    2081,
    1787,
    1951,
    1948,
    2107,
    2092,
    1848,
    2100,
    1963,
    2315,
    2261,
    1940,
    2215,
    2213,
    2066,
    1858,
    2025,
    2056,
    1988,
    2179,
    2106,
    2023,
    1973
  ]
}