{
  "train_loss": [
    0.5319992218339493,
    0.35922994656401847,
    0.35517097173360834,
    0.3505351796180387,
    0.3447499329279244,
    0.3434038583487901,
    0.3403240522754846,
    0.33943155433055217,
    0.33684870726448574,
    0.3389859749043541,
    0.33234422908553596,
    0.3276956568035898,
    0.3241421996541164,
    0.3264019687970479,
    0.32338071636509796,
    0.3211580771434156,
    0.3194345235824585,
    0.32129026326952104,
    0.31122723114892903,
    0.3123117595408033,
    0.30886857676858137,
    0.3061711122340794,
    0.305014041468564,
    0.3024371864926463,
    0.302070557128025,
    0.2970903307702471,
    0.291845428666988,
    0.29535702927203117,
    0.2925623272415958,
    0.28905230710275065,
    0.2862654241579997,
    0.29038050670161025,
    0.284236512606657,
    0.28751813183353925,
    0.2886404093936526,
    0.2845972841802026,
    0.2684167075257764,
    0.26082057892521726,
    0.26052449511576303,
    0.26066789131627305,
    0.2588407887688166,
    0.2610126567792289,
    0.2544642085767497,
    0.2542926930048295,
    0.25055244785069414,
    0.2511536301691321,
    0.2497833534635069,
    0.2446684532401934
  ],
  "train_acc": [
    0.2933262991295173,
    0.28936955948298604,
    0.30104194144025326,
    0.30110788710102876,
    0.3084938011078871,
    0.3127143233975204,
    0.333421260881034,
    0.31396729095225534,
    0.32280400949617516,
    0.3321682933262991,
    0.3352017937219731,
    0.3418623054603007,
    0.345819045106832,
    0.3449617515167502,
    0.3508968609865471,
    0.3590741229227117,
    0.35933790556581374,
    0.3619097863360591,
    0.36810867844895806,
    0.3654049063571617,
    0.3725929833816935,
    0.37437351622263254,
    0.37819836454761274,
    0.3801107887101029,
    0.38235294117647056,
    0.3867713004484305,
    0.3872988657346347,
    0.39508045370614614,
    0.3971907148509628,
    0.39785017145871804,
    0.4023344763914534,
    0.4062252703772092,
    0.39890530203112634,
    0.39461883408071746,
    0.3985755737272487,
    0.39791611711949354,
    0.42000791347929306,
    0.42752571880770246,
    0.42759166446847796,
    0.4239646531258243,
    0.42666842521762066,
    0.4298338169348457,
    0.4283830123977842,
    0.4339883935637035,
    0.43510946979688736,
    0.43194407807966234,
    0.4409126879451332,
    0.44737536270113426
  ],
  "val_loss": [
    0.3443984715711503,
    0.3422471916391736,
    0.3441299647092819,
    0.3453957803902172,
    0.33762330029691967,
    0.3435577501853307,
    0.3599939938812029,
    0.3488575386859122,
    0.3441902792879513,
    0.3554096221923828,
    0.3628577824149813,
    0.36291072624070303,
    0.3676742049200194,
    0.35517375490495134,
    0.3563833914342381,
    0.358015035589536,
    0.3775112160614559,
    0.3463954389804885,
    0.36233477010613396,
    0.37625151553324293,
    0.3550666481966064,
    0.3898982898820014,
    0.3862897501814933,
    0.35982700614702134,
    0.36807280956279664,
    0.3664338808684122,
    0.367245390301659,
    0.37341201518263134,
    0.3865126499107906,
    0.3883901046855109,
    0.38102694175073076,
    0.3915642031601497,
    0.4225341620899382,
    0.40502991740192684,
    0.3975252544596082,
    0.36949564268191654,
    0.39163065063101904,
    0.4269747326061839,
    0.4449384297643389,
    0.4308694200146766,
    0.41920916700646993,
    0.4149386244160788,
    0.4560218815292631,
    0.43849676634584156,
    0.4171761714276813,
    0.4367145495045753,
    0.44782438271102454,
    0.46540753827208564
  ],
  "val_acc": [
    0.26093457943925236,
    0.2732710280373832,
    0.31962616822429907,
    0.3450467289719626,
    0.33084112149532713,
    0.308411214953271,
    0.29906542056074764,
    0.31925233644859813,
    0.36336448598130844,
    0.3188785046728972,
    0.297196261682243,
    0.29570093457943925,
    0.29570093457943925,
    0.29682242990654206,
    0.2986915887850467,
    0.29457943925233643,
    0.31925233644859813,
    0.29158878504672897,
    0.31626168224299067,
    0.31177570093457946,
    0.32560747663551404,
    0.31514018691588785,
    0.32897196261682243,
    0.30728971962616825,
    0.3155140186915888,
    0.3252336448598131,
    0.3166355140186916,
    0.30803738317757007,
    0.31925233644859813,
    0.31177570093457946,
    0.3349532710280374,
    0.31327102803738316,
    0.2897196261682243,
    0.3125233644859813,
    0.32299065420560746,
    0.2927102803738318,
    0.3188785046728972,
    0.31626168224299067,
    0.308411214953271,
    0.3128971962616822,
    0.3252336448598131,
    0.3338317757009346,
    0.3319626168224299,
    0.3252336448598131,
    0.3278504672897196,
    0.3050467289719626,
    0.31588785046728973,
    0.3274766355140187
  ],
  "val_reward": [
    194.20000000000405,
    40.50000000000444,
    450.7999999999886,
    432.29999999998955,
    522.7999999999796,
    423.49999999996646,
    97.10000000000278,
    421.89999999998815,
    537.6999999999861,
    331.1999999999951,
    74.4000000000028,
    129.5000000000038,
    102.10000000000518,
    193.00000000001052,
    174.50000000000963,
    179.60000000000923,
    231.20000000001025,
    231.7000000000109,
    383.4999999999924,
    188.20000000000792,
    399.59999999998803,
    55.60000000000015,
    243.40000000000936,
    325.29999999999296,
    362.29999999999467,
    336.69999999999425,
    290.70000000000465,
    282.79999999999876,
    388.99999999999386,
    253.70000000001042,
    227.30000000000868,
    268.80000000000723,
    185.70000000001107,
    201.30000000001027,
    314.3999999999923,
    134.5000000000104,
    347.2999999999929,
    305.60000000000366,
    207.300000000012,
    253.900000000011,
    232.50000000000946,
    306.89999999999947,
    198.90000000000998,
    246.70000000000894,
    305.10000000000656,
    155.30000000001033,
    227.5000000000109,
    190.30000000001
  ],
  "val_trades": [
    1278,
    1865,
    1492,
    1167,
    1652,
    1935,
    1999,
    2071,
    1133,
    1968,
    1776,
    2035,
    2089,
    2050,
    2045,
    2044,
    2008,
    2073,
    2215,
    2258,
    1884,
    1764,
    2026,
    2057,
    2027,
    1803,
    1863,
    2132,
    2250,
    2173,
    1917,
    2192,
    2213,
    2217,
    2136,
    2045,
    2157,
    2184,
    2237,
    2311,
    2065,
    2081,
    2081,
    2183,
    2199,
    2197,
    2175,
    2187
  ]
}