{
  "train_loss": [
    0.5657284101353416,
    0.37019016533964294,
    0.36015532728488936,
    0.3560590462342596,
    0.35394764814195756,
    0.34866842929321,
    0.34924695411311923,
    0.35061380656962654,
    0.3475324355600252,
    0.344327620061641,
    0.34324954330669677,
    0.3433854788667542,
    0.3468122591700735,
    0.3423453753004597,
    0.34446955858906614,
    0.34276902260659614,
    0.3405581773081912,
    0.33908476363003004,
    0.33953126912881554,
    0.3388489434487709,
    0.33541570566123047,
    0.3337064027031766,
    0.33876906479964275,
    0.33283184135513466,
    0.33017062178895445,
    0.33234321530358196,
    0.3286645982713136,
    0.3251389558053721,
    0.3290472851775367,
    0.3293614002722728,
    0.3256967570711289,
    0.3272416039609708,
    0.32534669157321944,
    0.3155365791879123,
    0.312833094584288,
    0.31136549833203164,
    0.3097450100042649,
    0.3093218325562618,
    0.30859462602480553,
    0.3032960989807226,
    0.30183497398211484,
    0.30448412341910575,
    0.3006266531562,
    0.2995283753308566
  ],
  "train_acc": [
    0.2980743867053548,
    0.2817858084938011,
    0.28851226589290424,
    0.298601951991559,
    0.3075046161962543,
    0.3044051701398048,
    0.30447111580058034,
    0.308098127143234,
    0.3071089422316012,
    0.31106568187813244,
    0.3147586388815616,
    0.3109337905565814,
    0.3164072804009496,
    0.3160116064362965,
    0.3220126615668689,
    0.3213532049591137,
    0.32056185702980744,
    0.3261012925349512,
    0.323925085729359,
    0.3245845423371142,
    0.330123977842258,
    0.32807966235821684,
    0.3267607491427064,
    0.32913479293062514,
    0.33500395673964656,
    0.3342785544711158,
    0.3358612503297283,
    0.33889475072540226,
    0.34219203376417834,
    0.34515958849907674,
    0.3401477182801372,
    0.3353996307042997,
    0.34126879451332104,
    0.35168820891585334,
    0.3541281983645476,
    0.36026114481667104,
    0.3528752308098127,
    0.35821682933262994,
    0.36527301503561066,
    0.36764705882352944,
    0.3641519388024268,
    0.3654049063571617,
    0.3717356897916117,
    0.36434977578475336
  ],
  "val_loss": [
    0.37817111895197913,
    0.33805014973595027,
    0.34441247298603966,
    0.34633557143665494,
    0.34351470037585213,
    0.35988829249427434,
    0.3441095437322344,
    0.3393190063181378,
    0.34628605168490184,
    0.35152200006303336,
    0.3660827041381881,
    0.34480043819972445,
    0.3479542441311337,
    0.34060232731558027,
    0.3594791247021584,
    0.3449079096317291,
    0.34518109261989594,
    0.3457610436848232,
    0.34935389920359566,
    0.3531079863508542,
    0.35977858837161747,
    0.3646273283021791,
    0.3466817903376761,
    0.35537712630771456,
    0.362427497903506,
    0.37270452898173106,
    0.3759299172531991,
    0.3640464111453011,
    0.37567218605961117,
    0.3690773539599918,
    0.36332272170555024,
    0.36466429595436367,
    0.3640302224528222,
    0.4002600110002926,
    0.39659446477890015,
    0.3861659676546142,
    0.4195005886611484,
    0.3734888132838976,
    0.3707400478777431,
    0.37691695455993923,
    0.4096739214091074,
    0.38945904799870085,
    0.39018620266800835,
    0.42005232792525066
  ],
  "val_acc": [
    0.37271028037383175,
    0.33794392523364486,
    0.3521495327102804,
    0.32710280373831774,
    0.3446728971962617,
    0.31588785046728973,
    0.3241121495327103,
    0.31850467289719625,
    0.34953271028037386,
    0.2811214953271028,
    0.2549532710280374,
    0.28785046728971964,
    0.2848598130841121,
    0.32186915887850465,
    0.31327102803738316,
    0.2960747663551402,
    0.3263551401869159,
    0.2908411214953271,
    0.31065420560747664,
    0.3121495327102804,
    0.33233644859813083,
    0.30280373831775703,
    0.3128971962616822,
    0.30654205607476637,
    0.3121495327102804,
    0.3114018691588785,
    0.30728971962616825,
    0.2919626168224299,
    0.30317757009345797,
    0.29158878504672897,
    0.2680373831775701,
    0.29158878504672897,
    0.2960747663551402,
    0.2657943925233645,
    0.2919626168224299,
    0.3057943925233645,
    0.2953271028037383,
    0.2986915887850467,
    0.2930841121495327,
    0.2717757009345794,
    0.2927102803738318,
    0.2942056074766355,
    0.27626168224299064,
    0.28373831775700936
  ],
  "val_reward": [
    221.8000000000046,
    642.5999999999732,
    659.5999999999834,
    532.4999999999753,
    699.2999999999676,
    409.89999999999065,
    490.19999999998674,
    533.9999999999775,
    633.2999999999672,
    127.80000000000422,
    -161.59999999999525,
    254.50000000000574,
    253.60000000000767,
    504.7999999999846,
    337.7999999999937,
    258.29999999998546,
    538.4999999999852,
    123.20000000000996,
    392.1999999999853,
    384.59999999999565,
    453.19999999998294,
    306.6000000000068,
    438.69999999999214,
    445.99999999999073,
    420.19999999998794,
    295.300000000003,
    218.70000000000834,
    300.20000000000164,
    198.50000000000773,
    202.20000000000564,
    47.40000000000261,
    209.40000000000688,
    55.60000000000004,
    -44.49999999999614,
    30.300000000003656,
    185.10000000000542,
    83.30000000000526,
    219.7000000000046,
    63.50000000000209,
    29.000000000003375,
    182.40000000000427,
    116.10000000000335,
    79.50000000000537,
    85.80000000000649
  ],
  "val_trades": [
    1042,
    2154,
    1364,
    2025,
    2037,
    1151,
    2078,
    1940,
    2017,
    1862,
    1936,
    2005,
    1984,
    1912,
    1722,
    2347,
    1805,
    1848,
    2178,
    2054,
    2148,
    2154,
    1863,
    1900,
    2018,
    2037,
    1903,
    1778,
    1965,
    2238,
    2106,
    1846,
    1644,
    2015,
    1947,
    1759,
    1877,
    2033,
    2095,
    2130,
    2176,
    2149,
    2175,
    2282
  ]
}