{
  "train_loss": [
    0.533966281620259,
    0.35911667686474474,
    0.355007865886648,
    0.3509309354713697,
    0.34487315484240083,
    0.3415422180533912,
    0.34038182263132893,
    0.3344358876033171,
    0.3319643070677665,
    0.3314183484527129,
    0.32531729026182793,
    0.32149823739307337,
    0.3135991280088948,
    0.3168937885182819,
    0.31148793130232816,
    0.3042844073053151,
    0.305213877294637,
    0.30148690354220475,
    0.2956141528952474,
    0.29236560984502863,
    0.2950354458033284,
    0.28467503001418293,
    0.28476566176877244,
    0.2786158999184516,
    0.28267605445556,
    0.2738101098230619,
    0.27473884349382377,
    0.26829983834727406,
    0.26836008160426145,
    0.26892788620186253,
    0.26911286349538005,
    0.2651301715444412,
    0.2605919729808212,
    0.2609441322490636,
    0.26171956950099157,
    0.25656599894103116,
    0.23965609193099702,
    0.22929618567354065,
    0.22971939864540905,
    0.2276957159555411,
    0.22920286429079273,
    0.22383070105238806,
    0.21964428658726848,
    0.2220600005946582,
    0.2178752077468337
  ],
  "train_acc": [
    0.2942495383803746,
    0.28844632023212874,
    0.2999208652070694,
    0.298601951991559,
    0.30737272487470324,
    0.3189132155104194,
    0.3315747823793194,
    0.326958586125033,
    0.3292007385914007,
    0.3392904246900554,
    0.3495779477710367,
    0.35017145871801636,
    0.35683197045634396,
    0.3565681878132419,
    0.36810867844895806,
    0.37806647322606174,
    0.3759562120812451,
    0.38419941967818516,
    0.38947507254022684,
    0.3933658665259826,
    0.38973885518332896,
    0.3974544974940649,
    0.4022025850699024,
    0.4066868900026378,
    0.4047744658401477,
    0.4089290424690055,
    0.40484041150092326,
    0.42528356634133474,
    0.4173041413874967,
    0.4169744130836191,
    0.4182933262991295,
    0.4289105776839884,
    0.424558164072804,
    0.4282511210762332,
    0.42858084938011076,
    0.4320100237404379,
    0.44829860195199156,
    0.4668952782906885,
    0.4588499076760749,
    0.4552888419941968,
    0.4572012661566869,
    0.46392772355579004,
    0.46814824584542336,
    0.4680163545238723,
    0.4750065945660776
  ],
  "val_loss": [
    0.34750674452100483,
    0.3431256136723927,
    0.34060540866284145,
    0.3430533178505443,
    0.339567679024878,
    0.3476879720886548,
    0.36427581487666993,
    0.34380971888701123,
    0.358352976895514,
    0.3924697158592088,
    0.4041489213705063,
    0.43525155385335285,
    0.46586985673223225,
    0.39501476004010155,
    0.4032826955829348,
    0.40267246393930345,
    0.43419716755549115,
    0.412733246527967,
    0.424827383742446,
    0.4630612972236815,
    0.46079220587298986,
    0.49154698564892724,
    0.4909558023015658,
    0.4619804947149186,
    0.4834038398805119,
    0.54270046630076,
    0.49795151430936085,
    0.5464902427934465,
    0.5732651051311266,
    0.5259204858115741,
    0.5023827396688008,
    0.47076553922323955,
    0.5385175489244007,
    0.5428656999553952,
    0.5274929514243489,
    0.540375890476363,
    0.6552395497759184,
    0.6453283794579052,
    0.7354660683444568,
    0.6176426591617721,
    0.6746980615314984,
    0.6971334556028956,
    0.6473305913664046,
    0.6436352293406215,
    0.6718582269691286
  ],
  "val_acc": [
    0.2646728971962617,
    0.28261682242990654,
    0.33345794392523365,
    0.37383177570093457,
    0.3502803738317757,
    0.2863551401869159,
    0.3069158878504673,
    0.32037383177570095,
    0.33345794392523365,
    0.28448598130841124,
    0.24336448598130841,
    0.2635514018691589,
    0.25794392523364484,
    0.31327102803738316,
    0.26878504672897197,
    0.28710280373831776,
    0.2829906542056075,
    0.25271028037383175,
    0.27551401869158876,
    0.25981308411214954,
    0.29457943925233643,
    0.27813084112149533,
    0.2736448598130841,
    0.28186915887850467,
    0.2777570093457944,
    0.2796261682242991,
    0.28785046728971964,
    0.2441121495327103,
    0.25196261682242993,
    0.26542056074766357,
    0.31327102803738316,
    0.2811214953271028,
    0.2863551401869159,
    0.2833644859813084,
    0.29345794392523367,
    0.26878504672897197,
    0.29158878504672897,
    0.28186915887850467,
    0.29906542056074764,
    0.2646728971962617,
    0.2942056074766355,
    0.28074766355140185,
    0.3222429906542056,
    0.3102803738317757,
    0.26317757009345794
  ],
  "val_reward": [
    98.0000000000035,
    179.10000000000795,
    557.6999999999837,
    527.2999999999863,
    567.8999999999834,
    302.4999999999813,
    125.20000000000482,
    401.49999999999187,
    358.8999999999943,
    48.39999999999942,
    -223.19999999999092,
    -131.79999999999598,
    -307.1999999999977,
    184.90000000000947,
    -118.49999999999685,
    80.70000000000114,
    -3.499999999998433,
    -216.09999999999238,
    17.000000000003865,
    -128.89999999999878,
    -85.39999999999877,
    -186.79999999999595,
    -145.49999999999685,
    -108.5999999999969,
    -172.29999999999598,
    -151.8999999999984,
    -130.9999999999948,
    -224.19999999999118,
    -204.99999999999343,
    -164.2999999999907,
    137.40000000000862,
    -105.49999999999767,
    -156.4999999999911,
    -75.39999999999922,
    -7.899999999998162,
    -156.2999999999974,
    -250.59999999999278,
    -135.79999999999495,
    -177.09999999999383,
    -140.49999999999284,
    -216.49999999999358,
    -112.5999999999978,
    -118.29999999999518,
    -29.59999999999833,
    -210.39999999999287
  ],
  "val_trades": [
    1460,
    1739,
    1453,
    997,
    1371,
    2125,
    1748,
    1755,
    1641,
    1996,
    2032,
    2138,
    2272,
    2021,
    2235,
    2203,
    2025,
    2211,
    2130,
    2299,
    1994,
    2108,
    2165,
    2146,
    2113,
    2189,
    2090,
    2342,
    2350,
    2353,
    2126,
    2085,
    2215,
    2254,
    2269,
    2193,
    2166,
    2338,
    2201,
    2335,
    2255,
    2306,
    2093,
    2136,
    2424
  ]
}