{
  "train_loss": [
    0.5769735377297622,
    0.37000559892835494,
    0.3604273674105793,
    0.35659154557980566,
    0.35633335900709096,
    0.3507637639337451,
    0.35090713624209796,
    0.3497958834664228,
    0.34478144504852937,
    0.3436630013622815,
    0.34300764452053023,
    0.3431640339048603,
    0.34466313020589484,
    0.3418160548693017,
    0.34427981009463215,
    0.34158495508668796,
    0.3382985472427642,
    0.33724377904763203,
    0.33332818570519296,
    0.333199040610579,
    0.3314996311433205,
    0.3306611298508785,
    0.33171918963078206,
    0.3288095082286038,
    0.32622952073938233,
    0.32514011073967575,
    0.3242722469920348,
    0.32008099914351595,
    0.3215765761297966,
    0.32048770144015926,
    0.31656609029206545,
    0.3194540311515583,
    0.31463043272243774,
    0.31607824381645216,
    0.31491647522409255,
    0.315849478486218,
    0.31102566138098514,
    0.31359362539359786,
    0.3123382681407003,
    0.3076804954920137,
    0.30128714693749503,
    0.306963123475449,
    0.30411997594662354,
    0.299337125654462,
    0.29934650370340304,
    0.29673313296042414,
    0.30323676023050705,
    0.29809540491315384,
    0.3008468623277004,
    0.29938827662528317,
    0.3010945784768978,
    0.2986436202053279,
    0.2922460204815563,
    0.29599697189995006,
    0.2926375935097787,
    0.2977154494463643,
    0.2770855833583743,
    0.2734905565589792,
    0.269049424850991,
    0.2731976607806572,
    0.2693017724948593,
    0.2663563038477918,
    0.26844693280222043,
    0.2687568311827092,
    0.2660381052690216
  ],
  "train_acc": [
    0.3012397784225798,
    0.28475336322869954,
    0.2882484832498022,
    0.2978106040622527,
    0.3043392244790293,
    0.3015695067264574,
    0.30110788710102876,
    0.30677921392772356,
    0.31436296491690846,
    0.31343972566605116,
    0.3203640200474809,
    0.3166710630440517,
    0.322276444209971,
    0.3164732260617251,
    0.32280400949617516,
    0.32471643365866526,
    0.3283434450013189,
    0.33183856502242154,
    0.3257715642310736,
    0.33328936955948296,
    0.33559746768662624,
    0.3383671854391981,
    0.3373120548667898,
    0.33315747823793196,
    0.3466763386969137,
    0.34931416512793456,
    0.3480611975731997,
    0.35294117647058826,
    0.3572276444209971,
    0.36494328673173304,
    0.3591400685834872,
    0.3542600896860987,
    0.36342653653389606,
    0.3590741229227117,
    0.36441572144552886,
    0.3683065154312846,
    0.36487734107095754,
    0.36725138485887626,
    0.36962542864679504,
    0.37345027697177524,
    0.3829464521234503,
    0.3723292007385914,
    0.37714323397520444,
    0.3833421260881034,
    0.38841994196781854,
    0.39501450804537064,
    0.3887496702716961,
    0.3807702453178581,
    0.3834080717488789,
    0.38406752835663416,
    0.3915853336850435,
    0.3871669744130836,
    0.3943550514376154,
    0.38894750725402266,
    0.3919810076496966,
    0.38512265892904246,
    0.41525982590345556,
    0.4194803481930889,
    0.4179635979952519,
    0.4126879451332102,
    0.4213268266948035,
    0.42060142442627274,
    0.4176338696913743,
    0.4169084674228436,
    0.42719599050382484
  ],
  "val_loss": [
    0.38478244344393414,
    0.33864863713582355,
    0.34837214719681514,
    0.34407628575960797,
    0.3396364826531637,
    0.37038867069142206,
    0.34841696208431605,
    0.3457545205241158,
    0.34159080329395475,
    0.3485169680345626,
    0.36396296854530064,
    0.3447748124599457,
    0.3417517351252692,
    0.3399217873811722,
    0.3446986320472899,
    0.34420187310093925,
    0.33674927126793636,
    0.34411140105554033,
    0.34708259928794133,
    0.3440863333997272,
    0.3525063846082914,
    0.3458295680937313,
    0.34825114054339273,
    0.34989453107118607,
    0.3320931458757037,
    0.34369835328488124,
    0.3433890626544044,
    0.3454953414343652,
    0.35767731851055506,
    0.35336811876013163,
    0.3567137374054818,
    0.351519090788705,
    0.35828548208588645,
    0.3543530166858718,
    0.3645749851351693,
    0.37710305870998473,
    0.3564623477203505,
    0.35448746383190155,
    0.3391603859407561,
    0.35255115834020434,
    0.3717821190754573,
    0.3659277153866632,
    0.3524471031767981,
    0.3664431433592524,
    0.3738163301632518,
    0.37890748324848356,
    0.3826627021744138,
    0.3948994683367865,
    0.393038561301572,
    0.35961668015945525,
    0.37617706613881247,
    0.36024760064624606,
    0.3632893849696432,
    0.38178703153417226,
    0.37384103380498435,
    0.38218498549291063,
    0.4062421495715777,
    0.3936316857025737,
    0.39706026230539593,
    0.4180243728416307,
    0.4238411982854207,
    0.4095733896607444,
    0.402296078701814,
    0.43165333285218194,
    0.40863044737350374
  ],
  "val_acc": [
    0.4085981308411215,
    0.33532710280373834,
    0.3532710280373832,
    0.3532710280373832,
    0.3409345794392523,
    0.31327102803738316,
    0.30280373831775703,
    0.3013084112149533,
    0.35289719626168226,
    0.28373831775700936,
    0.2620560747663551,
    0.26953271028037384,
    0.2960747663551402,
    0.33084112149532713,
    0.3865420560747664,
    0.28598130841121494,
    0.31401869158878504,
    0.29457943925233643,
    0.3076635514018692,
    0.3125233644859813,
    0.30654205607476637,
    0.31626168224299067,
    0.3383177570093458,
    0.29158878504672897,
    0.3435514018691589,
    0.35887850467289717,
    0.35439252336448596,
    0.31850467289719625,
    0.34429906542056077,
    0.3424299065420561,
    0.3125233644859813,
    0.32710280373831774,
    0.3330841121495327,
    0.3125233644859813,
    0.3461682242990654,
    0.30878504672897195,
    0.36598130841121496,
    0.3166355140186916,
    0.33345794392523365,
    0.3024299065420561,
    0.3390654205607477,
    0.37121495327102805,
    0.3177570093457944,
    0.32037383177570095,
    0.2986915887850467,
    0.3480373831775701,
    0.30990654205607476,
    0.3506542056074766,
    0.33981308411214955,
    0.3267289719626168,
    0.31626168224299067,
    0.3416822429906542,
    0.34205607476635513,
    0.35813084112149535,
    0.3244859813084112,
    0.3450467289719626,
    0.3424299065420561,
    0.3263551401869159,
    0.3226168224299065,
    0.3267289719626168,
    0.32934579439252337,
    0.3211214953271028,
    0.3342056074766355,
    0.3263551401869159,
    0.3435514018691589
  ],
  "val_reward": [
    159.50000000000168,
    570.4999999999828,
    607.6999999999844,
    664.1999999999716,
    679.799999999962,
    275.10000000000207,
    389.69999999999413,
    306.59999999999775,
    686.6999999999656,
    155.700000000006,
    -195.09999999999366,
    54.30000000000005,
    158.10000000000716,
    543.9999999999698,
    405.7999999999892,
    111.80000000001127,
    388.3999999999888,
    187.00000000000983,
    373.2999999999817,
    281.5999999999929,
    187.60000000000858,
    476.49999999998556,
    412.8999999999932,
    364.3999999999908,
    675.2999999999831,
    567.5999999999809,
    508.4999999999877,
    356.3999999999917,
    332.9999999999891,
    563.6999999999823,
    293.8999999999951,
    444.79999999998836,
    179.30000000000618,
    315.3999999999954,
    335.2999999999803,
    188.70000000001107,
    509.89999999998383,
    306.3999999999817,
    458.2999999999697,
    231.4000000000027,
    490.299999999959,
    528.2999999999894,
    343.5999999999728,
    486.49999999996817,
    278.19999999999305,
    493.1999999999856,
    330.5999999999782,
    404.8999999999651,
    330.5999999999905,
    473.8999999999635,
    188.2000000000068,
    356.49999999997124,
    507.29999999996346,
    408.1999999999926,
    494.9999999999628,
    412.5999999999687,
    381.699999999962,
    441.09999999996637,
    275.7999999999938,
    240.69999999999916,
    248.89999999999677,
    313.69999999998294,
    333.69999999998765,
    277.4999999999823,
    377.9999999999654
  ],