{
  "train_loss": [
    0.5770523614772765,
    0.3702206863129692,
    0.360362826771877,
    0.35629203387453584,
    0.35627482032977076,
    0.3506676511925484,
    0.3511597569481733,
    0.3505997573524588,
    0.345627910099955,
    0.3436619707300693,
    0.34330828531884944,
    0.3443195474047198,
    0.34467968759657464,
    0.3430014853739034,
    0.3430110407278005,
    0.3434065342703952,
    0.33869521791421914,
    0.3375786600736626,
    0.33783522939883204,
    0.3365682621293933,
    0.3351880760887001,
    0.33382426925349334,
    0.3347174132926555,
    0.3315165161080501,
    0.33162543165029856,
    0.33240433383088575,
    0.32848170626012585,
    0.32612744627622614,
    0.3318539583733313,
    0.3278911201762751,
    0.3235283267020173,
    0.32518501334552524,
    0.32201754066008553,
    0.3219034762322148,
    0.3187210991790023,
    0.3229605023619495,
    0.3192073265208474,
    0.31864223946750414,
    0.3182703494271146,
    0.31209725185537135,
    0.3107741173309616,
    0.3114674968432777,
    0.3114687435737642,
    0.30720079982582527,
    0.3103447042185546,
    0.3081513787246455,
    0.30526928798558844,
    0.3048291545879992,
    0.30916405881004494,
    0.3067958419710272,
    0.30978996121179203,
    0.28925004746089,
    0.28293539596257833,
    0.2874834178495005,
    0.2830760758763124,
    0.28544712940600353,
    0.27874415106914213,
    0.27713202814009624,
    0.27916106053545503,
    0.28069976720377365
  ],
  "train_acc": [
    0.3012397784225798,
    0.2864679504088631,
    0.2882484832498022,
    0.2978106040622527,
    0.3032181482458454,
    0.3003165391717225,
    0.30176734370878394,
    0.3028224742811923,
    0.3119229754682142,
    0.31251648641519386,
    0.3163413347401741,
    0.31535214982854126,
    0.32240833553152204,
    0.3195067264573991,
    0.32346346610393034,
    0.3201661830651543,
    0.323925085729359,
    0.32946452123450276,
    0.31871537852809284,
    0.32524399894486944,
    0.32755209707201266,
    0.3336190978633606,
    0.3323661303086257,
    0.3298601951991559,
    0.331640728040095,
    0.3386309680823002,
    0.3359271959905038,
    0.33896069638617776,
    0.33975204431548406,
    0.34786336059087314,
    0.3434450013189132,
    0.34608282774993404,
    0.34878659984173044,
    0.3497098390925877,
    0.3603270904774466,
    0.3570957530994461,
    0.35676602479556846,
    0.3621735689791612,
    0.36441572144552886,
    0.3673173305196518,
    0.3778686362437352,
    0.3713400158269586,
    0.37668161434977576,
    0.3708124505407544,
    0.3829464521234503,
    0.3838696913743076,
    0.386705354787655,
    0.3808361909786336,
    0.3787918754945925,
    0.3782643102083883,
    0.38136375626483776,
    0.40207069374835136,
    0.4034555526246373,
    0.40305987865998416,
    0.40398311791084146,
    0.4084674228435769,
    0.41677657610129254,
    0.41671063044051704,
    0.4175679240305988,
    0.41150092323925086
  ],
  "val_loss": [
    0.38633038174538387,
    0.338641755992458,
    0.3481951732011068,
    0.3444266493121783,
    0.3383500249612899,
    0.37160371243953705,
    0.3464214525052479,
    0.3470990217867352,
    0.3539036065340042,
    0.3471203808273588,
    0.37263106412830804,
    0.34585835820152644,
    0.34872191505772726,
    0.3384634753068288,
    0.3415075732128961,
    0.3456149860506966,
    0.3413042773803075,
    0.35430859880787985,
    0.3475365564227104,
    0.33729651180051623,
    0.3531493143666358,
    0.3408434532937549,
    0.3512006103992462,
    0.3481502525863193,
    0.34603809423389886,
    0.3427718565577552,
    0.3472247613327844,
    0.34679435690244037,
    0.35259091002600534,
    0.35489989284958157,
    0.3516617960163525,
    0.34698084741830826,
    0.35375099380811054,
    0.36047195323875975,
    0.34283005765506197,
    0.3696069827391988,
    0.37031885236501694,
    0.3724453452797163,
    0.35928766926129657,
    0.3590533864640054,
    0.36656389349982854,
    0.37631786721093313,
    0.3856643051618621,
    0.36214943655899595,
    0.36649735804115025,
    0.3919606137843359,
    0.3713927637963068,
    0.37266323289700914,
    0.38207050945077625,
    0.3662406422552608,
    0.3792133487406231,
    0.3833554954755874,
    0.36556371656202136,
    0.38717719061034067,
    0.3892132976935023,
    0.39269398862407323,
    0.3846096470952034,
    0.37568194986808867,
    0.3988576942966098,
    0.4347416510184606
  ],
  "val_acc": [
    0.4100934579439252,
    0.337196261682243,
    0.3461682242990654,
    0.35700934579439253,
    0.348785046728972,
    0.3181308411214953,
    0.31177570093457946,
    0.2998130841121495,
    0.3611214953271028,
    0.3069158878504673,
    0.24299065420560748,
    0.27626168224299064,
    0.28373831775700936,
    0.3416822429906542,
    0.32373831775700934,
    0.29457943925233643,
    0.31700934579439255,
    0.29757009345794394,
    0.3177570093457944,
    0.33084112149532713,
    0.314392523364486,
    0.31738317757009343,
    0.3147663551401869,
    0.3050467289719626,
    0.30355140186915885,
    0.3491588785046729,
    0.34542056074766353,
    0.3166355140186916,
    0.348785046728972,
    0.28897196261682245,
    0.2725233644859813,
    0.31065420560747664,
    0.29495327102803737,
    0.3069158878504673,
    0.3147663551401869,
    0.2833644859813084,
    0.3110280373831776,
    0.28261682242990654,
    0.31401869158878504,
    0.2930841121495327,
    0.3211214953271028,
    0.3285981308411215,
    0.3166355140186916,
    0.31327102803738316,
    0.31327102803738316,
    0.34429906542056077,
    0.3128971962616822,
    0.3349532710280374,
    0.33532710280373834,
    0.3252336448598131,
    0.31177570093457946,
    0.342803738317757,
    0.33158878504672895,
    0.3409345794392523,
    0.3211214953271028,
    0.325981308411215,
    0.32485981308411216,
    0.3211214953271028,
    0.32037383177570095,
    0.36785046728971965
  ],
  "val_reward": [
    162.70000000000152,
    586.6999999999796,
    571.8999999999843,
    729.6999999999688,
    710.8999999999618,
    264.7000000000023,
    429.6999999999858,
    357.799999999992,
    483.4999999999703,
    401.7999999999856,
    -211.39999999999438,
    58.20000000000114,
    208.50000000001083,
    437.6999999999698,
    280.29999999999455,
    296.39999999996024,
    375.4999999999898,
    120.90000000000947,
    366.9999999999626,
    441.29999999996534,
    185.70000000001093,
    441.69999999997157,
    177.30000000000615,
    349.9999999999989,
    432.5999999999866,
    523.9999999999817,
    477.2999999999695,
    193.60000000000306,
    303.6999999999869,
    213.60000000001006,
    103.70000000000883,
    381.9999999999702,
    154.80000000000948,
    176.20000000001016,
    385.699999999964,
    -72.19999999999916,
    251.69999999999135,
    183.00000000001177,
    282.99999999996965,
    261.8000000000074,
    418.29999999995516,
    294.20000000000545,
    169.60000000000443,
    297.099999999983,
    206.00000000001086,
    216.60000000000753,
    337.89999999999856,
    279.69999999998777,
    296.299999999969,
    373.799999999973,
    255.50000000001037,
    273.19999999998834,
    271.3000000000024,
    297.09999999999843,
    192.20000000001093,
    197.1000000000109,
    212.2000000000101,
    276.1999999999975,
    187.3000000000113,
    271.3999999999929
  ],
  "val_trades": [
    503,
    1863,
    1451,
    1933,
    2161,
    1403,
    1973,
    2082,
    2055,
    1842,
    2054,
    1798,
    2025,
    2013,
    1767,
    2276,
    1975,
    1861,
    2270,
    2057,
    2213,
    2253,
    1577,
    1940,
    2254,
    1600,
    1977,
    1704,
    1673,
    2144,
    2193,
    2020,
    1932,
    2098,
    2093,
    2222,
    1953,
    2230,
    1990,
    2202,
    2467,
    2118,
    2144,
    2199,
    2060,
    1894,
    2151,
    1953,
    2007,
    2042,
    2055,
    1988,
    1997,
    2039,
    2098,
    1999,
    2098,
    2138,
    2077,
    1906
  ]
}