{
  "train_loss": [
    0.550815594323138,
    0.3567345452435473,
    0.3542831191357146,
    0.35185998957207865,
    0.34919514427793785,
    0.34092811041689935,
    0.3476810026676097,
    0.3438842665641866,
    0.33968865059791725,
    0.3422857790551287,
    0.3388290359618816,
    0.3343540696387595,
    0.3365969442306681,
    0.33174657555336645,
    0.3302699956488102,
    0.3268821749281376,
    0.3243836950748525,
    0.3234042222829575,
    0.31811373639614027,
    0.31629451830336386,
    0.3079338921511427,
    0.3074197195945902,
    0.3071898918202583,
    0.303441755061454,
    0.3038300824292163,
    0.30186149072139823,
    0.3051338261746346,
    0.3002722113056386,
    0.29576468588189875,
    0.2946939279424383,
    0.29166304526176856,
    0.28968626704621825,
    0.287593275308609,
    0.28808442988294236,
    0.2835686769257201,
    0.2810383068120226,
    0.26538971599112166,
    0.2617822035830072,
    0.2563902199902433,
    0.25969757925956805,
    0.2543540458095835,
    0.25452633614235737,
    0.2550276216674358,
    0.24791532133487945,
    0.2488022765580644
  ],
  "train_acc": [
    0.30274310885670425,
    0.2822532203163585,
    0.2964025896015484,
    0.29520122805846627,
    0.29133017419742374,
    0.3053460588667156,
    0.315691116598812,
    0.31328839351264764,
    0.3195621704598545,
    0.31769338583728224,
    0.3245678435560302,
    0.323633451244744,
    0.32490155509577523,
    0.32843889741707266,
    0.3325769205099112,
    0.33885069745711804,
    0.34699325902689715,
    0.35073082827204166,
    0.353400520590002,
    0.35500233598077824,
    0.36094240138824,
    0.36721617833544684,
    0.3773610091436962,
    0.37108723219648937,
    0.3736234398985517,
    0.36815057064673296,
    0.3746913168257358,
    0.3812320630047387,
    0.39030901688580394,
    0.3863044784088634,
    0.3994527130748181,
    0.39291196689581526,
    0.40339050924380965,
    0.39905225922712406,
    0.398518320763532,
    0.40779550156844424,
    0.4144029900553961,
    0.42087699392644995,
    0.428752586264433,
    0.4198091169992658,
    0.42201161316158314,
    0.42521524394313553,
    0.4240806247080024,
    0.43335780551291464,
    0.42881932857238203
  ],
  "val_loss": [
    0.3502622963417144,
    0.34943901286238715,
    0.3585635537192935,
    0.3554124516390619,
    0.3464232619319643,
    0.3576418714863913,
    0.3578150747787385,
    0.3594574410290945,
    0.3643892946697417,
    0.35751341709068846,
    0.36454898012535913,
    0.3672110133227848,
    0.36700403974169776,
    0.35995066307839896,
    0.37316923836867016,
    0.361760319343635,
    0.37672042491890134,
    0.37439435649485814,
    0.39674147857087,
    0.39336772156613214,
    0.4040224559250332,
    0.434826264778773,
    0.3832157346464339,
    0.4218973783510072,
    0.4099318601545833,
    0.4180599773923556,
    0.44314563274383545,
    0.39480009816941763,
    0.4039593573127474,
    0.4424138349436578,
    0.4237013743037269,
    0.42044188472486677,
    0.47338136391980307,
    0.48323132204157965,
    0.4565461583080746,
    0.43970281027612235,
    0.455220134130546,
    0.5120440966316632,
    0.5363582642305464,
    0.514698343972365,
    0.5347741373947689,
    0.5400812051125935,
    0.4937760624147597,
    0.5126325310695738,
    0.5448609821143604
  ],
  "val_acc": [
    0.3714069591527988,
    0.35703479576399394,
    0.3207261724659607,
    0.3105143721633888,
    0.29387291981845687,
    0.30219364599092285,
    0.32791225416036307,
    0.3006807866868381,
    0.28517397881996975,
    0.3086232980332829,
    0.31316187594553707,
    0.29992435703479575,
    0.26626323751891073,
    0.2760968229954614,
    0.2673978819969743,
    0.32261724659606655,
    0.2636157337367625,
    0.2704236006051437,
    0.2760968229954614,
    0.2863086232980333,
    0.2708018154311649,
    0.2934947049924357,
    0.28479576399394857,
    0.2866868381240545,
    0.28328290468986383,
    0.2613464447806354,
    0.2560514372163389,
    0.27344931921331317,
    0.26285930408472014,
    0.27950075642965205,
    0.2787443267776097,
    0.26626323751891073,
    0.2723146747352496,
    0.26210287443267777,
    0.26550680786686837,
    0.2813918305597579,
    0.29614220877458397,
    0.2749621785173979,
    0.2806354009077156,
    0.3101361573373676,
    0.2802571860816944,
    0.2859304084720121,
    0.30030257186081694,
    0.27950075642965205,
    0.27760968229954613
  ],
  "val_reward": [
    591.9999999999847,
    425.3999999999906,
    369.69999999998726,
    229.19999999999862,
    387.2999999999852,
    135.3000000000086,
    292.39999999999367,
    141.30000000000467,
    -82.99999999999736,
    81.5000000000093,
    477.79999999996255,
    -41.69999999999397,
    -84.59999999999688,
    88.90000000001112,
    -112.0000000000002,
    269.09999999998433,
    -119.09999999999974,
    -126.699999999999,
    -164.39999999999972,
    14.50000000000777,
    -117.69999999999959,
    21.400000000003097,
    129.40000000000467,
    -132.99999999999784,
    43.50000000000454,
    -186.89999999999623,
    -199.49999999999483,
    -208.8999999999933,
    -166.39999999999566,
    -57.29999999999813,
    -153.49999999999983,
    -200.5999999999959,
    -138.79999999999808,
    -186.6999999999953,
    -142.99999999999466,
    -64.19999999999928,
    -53.00000000000084,
    -218.59999999999536,
    -102.1999999999992,
    15.20000000000597,
    -73.59999999999799,
    5.100000000008848,
    -34.2999999999998,
    -124.9999999999985,
    -3.2999999999987266
  ],
  "val_trades": [
    1120,
    806,
    973,
    1348,
    1797,
    1917,
    1476,
    1817,
    1970,
    1795,
    2242,
    1867,
    2146,
    2261,
    2080,
    1999,
    2061,
    2017,
    2084,
    2245,
    2147,
    2246,
    2126,
    2110,
    2015,
    2199,
    2265,
    1939,
    2104,
    2263,
    2125,
    1986,
    2068,
    2177,
    2290,
    2182,
    2110,
    2206,
    2242,
    2088,
    2296,
    2319,
    2093,
    2190,
    2323
  ]
}