{
  "train_loss": [
    0.3746405179742016,
    0.36081459351229767,
    0.3576271374265856,
    0.360328928579258,
    0.35940579686486773,
    0.3596016148474649,
    0.3524529596924279,
    0.3513594722446007,
    0.3545638952828661,
    0.352241229407395,
    0.3506165078923672,
    0.3454231686481444,
    0.3477243919412798,
    0.3467854471397802,
    0.34361944910343184,
    0.3415495578498277,
    0.3393012779422953,
    0.3379030127062576,
    0.3371336683945314,
    0.3340849096764995,
    0.33372195913821834,
    0.33038490337913046,
    0.3333083047897001,
    0.3327669896153961,
    0.32900066095313946,
    0.3250787968625499,
    0.32591777687837303,
    0.3211645134390658,
    0.32321034642211494,
    0.3175700127072475,
    0.31770356999167915,
    0.31462144700786737,
    0.30972389166365194,
    0.3070751031868568,
    0.3142051266718514,
    0.3093887292760334,
    0.30803553539992384,
    0.30629980205735075,
    0.3036011354329717,
    0.30205492065425665,
    0.30166213654516116,
    0.2897481739772523,
    0.2944299859085163,
    0.28833145456475046,
    0.2853990622839344,
    0.2867769147524854,
    0.2886949402244785,
    0.2827848957434988,
    0.2892169839847943,
    0.2833816887582908
  ],
  "train_acc": [
    0.25013189132155106,
    0.24426272751252967,
    0.24399894486942758,
    0.24446056449485623,
    0.24657082563967292,
    0.2547480875758375,
    0.2844895805855975,
    0.2942495383803746,
    0.29517277763123184,
    0.30176734370878394,
    0.30216301767343706,
    0.3090873120548668,
    0.3036797678712741,
    0.30743867053547874,
    0.30453706146135584,
    0.31014244262727514,
    0.3160116064362965,
    0.3144948562384595,
    0.31482458454233714,
    0.32194671590609336,
    0.31772619361646004,
    0.3213532049591137,
    0.3410709575309945,
    0.34034555526246374,
    0.32840939066209446,
    0.3458849907676075,
    0.3400158269585861,
    0.3581508836718544,
    0.3468741756792403,
    0.35452387232920074,
    0.3626351886045898,
    0.35637035083091534,
    0.36204167765761014,
    0.35933790556581374,
    0.3551833289369559,
    0.35175415457662884,
    0.36678976523344764,
    0.36626219994724346,
    0.36718543919810076,
    0.3712081245054075,
    0.37378000527565286,
    0.382023212872593,
    0.3839356370350831,
    0.3848588762859404,
    0.38690319176998156,
    0.39171722500659456,
    0.3830783434450013,
    0.3909918227380638,
    0.3816275389079399,
    0.39217884463202324
  ],
  "val_loss": [
    0.3580835532574427,
    0.35647118659246535,
    0.36686391206014723,
    0.3574216216802597,
    0.35492599932920366,
    0.353252601765451,
    0.3472623598007929,
    0.34108312073208036,
    0.3423402351992471,
    0.33935787848063875,
    0.34218924173286985,
    0.3412357597124009,
    0.3419878404764902,
    0.34105387046223595,
    0.3532856646038237,
    0.3451032418580282,
    0.3454559161549523,
    0.36360922030040194,
    0.3484771908039138,
    0.35019475363549735,
    0.38274763027826947,
    0.35690357642514364,
    0.3560475877353123,
    0.3640911855867931,
    0.37765264901376905,
    0.37869025199186235,
    0.37841103084030603,
    0.3756800052665529,
    0.37401988889489857,
    0.40588928581703276,
    0.3845784603839829,
    0.3902747006643386,
    0.3988110987203462,
    0.386289082467556,
    0.3981628939509392,
    0.400422164726825,
    0.3870446163983572,
    0.39972147203627084,
    0.39752835035324097,
    0.4067659942167146,
    0.4216001161507198,
    0.41946596474874587,
    0.3931465961393856,
    0.4238650032452175,
    0.4408659849848066,
    0.4142797032282466,
    0.4229568743280002,
    0.43929705804302577,
    0.441233550508817,
    0.4289192358652751
  ],
  "val_acc": [
    0.25906542056074766,
    0.22429906542056074,
    0.22205607476635514,
    0.24149532710280375,
    0.21457943925233644,
    0.2770093457943925,
    0.2885981308411215,
    0.32,
    0.32710280373831774,
    0.30018691588785046,
    0.3110280373831776,
    0.3177570093457944,
    0.31065420560747664,
    0.3076635514018692,
    0.30355140186915885,
    0.29495327102803737,
    0.2714018691588785,
    0.29158878504672897,
    0.29495327102803737,
    0.30280373831775703,
    0.2594392523364486,
    0.29495327102803737,
    0.2814953271028037,
    0.26878504672897197,
    0.2863551401869159,
    0.2758878504672897,
    0.27065420560747666,
    0.27551401869158876,
    0.28785046728971964,
    0.25906542056074766,
    0.27476635514018694,
    0.2620560747663551,
    0.2998130841121495,
    0.2863551401869159,
    0.27102803738317754,
    0.2803738317757009,
    0.2788785046728972,
    0.2863551401869159,
    0.274392523364486,
    0.28598130841121494,
    0.2657943925233645,
    0.285607476635514,
    0.28,
    0.2691588785046729,
    0.2583177570093458,
    0.28598130841121494,
    0.27626168224299064,
    0.28261682242990654,
    0.2714018691588785,
    0.2811214953271028
  ],
  "val_reward": [
    0.0,
    0.0,
    -425.40000000002027,
    34.79999999999955,
    -34.80000000000007,
    56.40000000000176,
    343.79999999999313,
    528.0999999999847,
    480.59999999999184,
    347.2999999999933,
    460.89999999998884,
    384.9999999999933,
    391.5999999999919,
    390.5999999999852,
    237.60000000000247,
    351.0999999999937,
    130.20000000000738,
    199.50000000000767,
    252.09999999999445,
    375.7999999999814,
    -191.39999999999242,
    228.7999999999981,
    63.200000000010725,
    14.10000000001008,
    167.60000000000383,
    63.00000000001062,
    7.700000000008384,
    46.200000000010554,
    167.4000000000101,
    -202.69999999999362,
    2.5000000000088396,
    -146.6999999999966,
    219.09999999999621,
    125.90000000001217,
    -42.29999999999519,
    136.30000000000373,
    39.20000000000668,
    139.19999999999237,
    24.30000000000723,
    130.90000000001064,
    -78.59999999999458,
    64.50000000000807,
    66.00000000001211,
    -58.8999999999939,
    -130.4999999999948,
    144.50000000000952,
    -23.49999999999394,
    50.90000000001103,
    -74.39999999999536,
    65.0000000000114
  ],
  "val_trades": [
    0,
    0,
    2034,
    452,
    108,
    1836,
    1982,
    2109,
    1654,
    1797,
    1901,
    1890,
    1844,
    2314,
    1864,
    1699,
    1758,
    2135,
    2109,
    2262,
    2134,
    1832,
    2208,
    2089,
    2004,
    2150,
    2113,
    2358,
    2426,
    2257,
    2405,
    2337,
    2339,
    2431,
    2413,
    2367,
    2288,
    2368,
    2407,
    2241,
    2326,
    2305,
    2260,
    2399,
    2275,
    2425,
    2345,
    2401,
    2344,
    2370
  ]
}