{
  "train_loss": [
    0.3946234298406271,
    0.3638286962790831,
    0.360942376816826,
    0.35530526791443806,
    0.35650352838170174,
    0.3526860065601043,
    0.353547707640169,
    0.3495077655536716,
    0.3482227145619533,
    0.3456745585308799,
    0.345284870153741,
    0.34443213944696677,
    0.33735184943625696,
    0.3387797560369918,
    0.33503105884362877,
    0.32899378969448023,
    0.3284943781573058,
    0.3286420374731474,
    0.3290252101446506,
    0.3217380792531283,
    0.3220173738551039,
    0.3170427316603278,
    0.31307271129219844,
    0.3118291993935903,
    0.30827916932256916,
    0.30380470843254764,
    0.3030014612755192,
    0.30078509588281815,
    0.3009054099331425,
    0.2946623849214884,
    0.297121846663298,
    0.2888401581391001,
    0.2871111951422591,
    0.28320088907133173,
    0.279335728551768,
    0.27861513618678485,
    0.27316316119729217,
    0.27326911279169314,
    0.26909190523222026,
    0.27045534639167385,
    0.26119593137930214,
    0.2506946649732469,
    0.2452244704534233,
    0.24086030745556586,
    0.24712169264690786,
    0.24079689276620808,
    0.23574480320079416,
    0.2364889033107315,
    0.23688789705435434,
    0.23314786353443243
  ],
  "train_acc": [
    0.2527697177525719,
    0.24010815088367185,
    0.23944869427591664,
    0.257847533632287,
    0.28185175415457664,
    0.29800844104457924,
    0.29227116855710894,
    0.30117383276180426,
    0.2999208652070694,
    0.30915325771564234,
    0.3117251384858876,
    0.3056581376945397,
    0.32438670535478764,
    0.3185175415457663,
    0.32155104194144024,
    0.3311791084146663,
    0.33605908731205486,
    0.3241229227116856,
    0.3310472170931153,
    0.3547876549723028,
    0.33230018464785016,
    0.35637035083091534,
    0.36210762331838564,
    0.3622395146399367,
    0.3704167765761013,
    0.3720654180954893,
    0.37008704827222366,
    0.3840015826958586,
    0.37747296227908206,
    0.38940912687945134,
    0.38505671326826696,
    0.39890530203112634,
    0.3936955948298602,
    0.4075441835927196,
    0.40767607491427066,
    0.40200474808757586,
    0.4161171194935373,
    0.42086520706937486,
    0.41710630440517016,
    0.42376681614349776,
    0.4287786863624374,
    0.4421656554998681,
    0.4452651015563176,
    0.452914798206278,
    0.4428251121076233,
    0.45673964653125826,
    0.4490240042205223,
    0.4546953310472171,
    0.4578607227644421,
    0.45680559219203376
  ],
  "val_loss": [
    0.3554024802786963,
    0.3574959358998707,
    0.356378639737765,
    0.35567871019953773,
    0.35418195383889334,
    0.3436050074441092,
    0.340622834506489,
    0.341299138608433,
    0.3387526075045268,
    0.3360369084846406,
    0.35135803478104727,
    0.3424584972006934,
    0.3418866839437258,
    0.3525210725409644,
    0.355997852626301,
    0.35597020387649536,
    0.36550499498844147,
    0.3611656377712886,
    0.3612190346632685,
    0.3874869378549712,
    0.37567430344365893,
    0.38741489180496763,
    0.37964065550338655,
    0.39701448593820843,
    0.4014271440960112,
    0.41239105271441595,
    0.4206284408768018,
    0.400139288178512,
    0.4210351748125894,
    0.46129392619643894,
    0.43887211311431157,
    0.47672256898312343,
    0.4532033254702886,
    0.4365273994349298,
    0.45098649533022017,
    0.4792568197562581,
    0.48337140395527795,
    0.4594492930031958,
    0.4750859999940509,
    0.46149728837467374,
    0.48197873397952035,
    0.509886988571712,
    0.5412765386558714,
    0.5525899767166093,
    0.5354450270533562,
    0.531684103111426,
    0.560702767045725,
    0.5416615580519041,
    0.5535436872215498,
    0.585629997863656
  ],
  "val_acc": [
    0.22280373831775702,
    0.25906542056074766,
    0.22355140186915887,
    0.27214953271028036,
    0.2508411214953271,
    0.2874766355140187,
    0.32560747663551404,
    0.3155140186915888,
    0.325981308411215,
    0.33457943925233646,
    0.28523364485981306,
    0.2893457943925234,
    0.33532710280373834,
    0.2811214953271028,
    0.24598130841121496,
    0.28,
    0.2788785046728972,
    0.27626168224299064,
    0.28523364485981306,
    0.27102803738317754,
    0.2605607476635514,
    0.2714018691588785,
    0.2788785046728972,
    0.27551401869158876,
    0.2702803738317757,
    0.28074766355140185,
    0.2553271028037383,
    0.2848598130841121,
    0.2542056074766355,
    0.25644859813084114,
    0.2766355140186916,
    0.2586915887850467,
    0.24560747663551402,
    0.2766355140186916,
    0.2897196261682243,
    0.2616822429906542,
    0.2575700934579439,
    0.2770093457943925,
    0.26429906542056075,
    0.2672897196261682,
    0.27289719626168224,
    0.2594392523364486,
    0.26542056074766357,
    0.26317757009345794,
    0.26766355140186915,
    0.26542056074766357,
    0.2699065420560748,
    0.268411214953271,
    0.251588785046729,
    0.268411214953271
  ],
  "val_reward": [
    -47.000000000000036,
    0.0,
    0.0,
    -35.499999999997826,
    -292.60000000000133,
    306.8000000000008,
    505.0999999999659,
    493.4999999999817,
    522.2999999999743,
    466.9999999999796,
    262.5,
    216.0000000000035,
    457.299999999992,
    139.00000000000347,
    -6.799999999997949,
    72.10000000000359,
    -10.299999999999319,
    30.30000000000028,
    83.70000000000235,
    -121.49999999999415,
    -76.6999999999953,
    -56.799999999999265,
    76.00000000000264,
    -89.49999999999832,
    -89.69999999999308,
    11.600000000004153,
    -288.39999999999367,
    60.30000000000329,
    -212.3999999999899,
    -285.99999999999693,
    -39.099999999998346,
    -277.50000000000335,
    -368.50000000002086,
    -58.39999999999511,
    -57.30000000000131,
    -184.39999999999182,
    -286.70000000002045,
    -58.199999999998056,
    -256.89999999999657,
    -117.49999999999301,
    -114.39999999999523,
    -265.49999999999756,
    -214.79999999999347,
    -248.89999999999375,
    -272.3999999999934,
    -170.5999999999916,
    -183.69999999999285,
    -267.99999999999443,
    -345.90000000000396,
    -253.79999999999094
  ],
  "val_trades": [
    50,
    0,
    0,
    905,
    2226,
    1692,
    2199,
    1795,
    2067,
    1710,
    1885,
    1520,
    1937,
    1710,
    1788,
    2309,
    2253,
    2067,
    2113,
    2005,
    1997,
    2088,
    2160,
    2165,
    2227,
    2284,
    2324,
    2327,
    2204,
    2260,
    2221,
    2325,
    2255,
    2224,
    2223,
    2244,
    2297,
    2282,
    2299,
    2365,
    2344,
    2285,
    2388,
    2339,
    2284,
    2406,
    2367,
    2360,
    2369,
    2358
  ]
}