{
  "train_loss": [
    0.5125650798721153,
    0.35795547351052487,
    0.3556597444075572,
    0.35196824805646004,
    0.3456016215594006,
    0.342496448428319,
    0.3395011646335135,
    0.33580037027220183,
    0.3304952943249594,
    0.3323174546539532,
    0.3248569701291338,
    0.32462327201155167,
    0.31575004668426915,
    0.3151903400818507,
    0.3097240052142727,
    0.3083254799938403,
    0.3099814491181434,
    0.3064974022062519,
    0.3006924520313488,
    0.30088442199340854,
    0.29934011047650994,
    0.29513566837280614,
    0.295988571040238,
    0.29319257600398,
    0.2905786014181652,
    0.28598862037628514,
    0.2849075823142056,
    0.28356401395948627,
    0.2819360571320047,
    0.27838045377520065,
    0.2813805243008247,
    0.28365550488862307,
    0.27215525476489894,
    0.27180744342914614,
    0.2713997399253684,
    0.26475585657584516,
    0.25540036252279325,
    0.24791236825381655,
    0.24391552126860316,
    0.24609800695367,
    0.2463714582256124,
    0.23993994320746714,
    0.2373472965845076,
    0.2341728995746701,
    0.2327288411840608
  ],
  "train_acc": [
    0.2929965708256397,
    0.2895673964653126,
    0.2977446584014772,
    0.29649169084674226,
    0.3088235294117647,
    0.31627538907939856,
    0.3297942495383804,
    0.32662885782115536,
    0.3326958586125033,
    0.3412028488525455,
    0.3487206541809549,
    0.34417040358744394,
    0.35458981798997624,
    0.35735953574254814,
    0.3650751780532841,
    0.3745054075441836,
    0.36725138485887626,
    0.37384595093642836,
    0.37470324452651016,
    0.3778026905829596,
    0.3768135056713268,
    0.3801107887101029,
    0.3830123977842258,
    0.38657346346610394,
    0.3905961487734107,
    0.38980480084410446,
    0.38565022421524664,
    0.4005539435505144,
    0.40015826958586126,
    0.40081772619361644,
    0.40081772619361644,
    0.4034555526246373,
    0.4031917699815352,
    0.4085333685043524,
    0.4109074122922712,
    0.4175679240305988,
    0.43029543656027436,
    0.4353073067792139,
    0.437219730941704,
    0.434054339224479,
    0.4392640464257452,
    0.44170403587443946,
    0.4345159588499077,
    0.44737536270113426,
    0.4476391453442363
  ],
  "val_loss": [
    0.35302690842321943,
    0.34335183671542574,
    0.3413961511992273,
    0.34655744795288357,
    0.33919702080034075,
    0.34636859099070233,
    0.36157224220888956,
    0.3506732668195452,
    0.35527785193352474,
    0.38693250467379886,
    0.40342932158992406,
    0.3953329973987171,
    0.38571256931338993,
    0.38343180609600885,
    0.409765518846966,
    0.40781399039995103,
    0.41989024515662876,
    0.38385447079227086,
    0.4074487072371301,
    0.3990833574817294,
    0.4217910152815637,
    0.41246418264650164,
    0.44296413589091527,
    0.44713034480810165,
    0.4285665874679883,
    0.45896625447840916,
    0.43825652521281017,
    0.4649775681041536,
    0.4685135395044372,
    0.5108620283149538,
    0.45750242684568676,
    0.456607040195238,
    0.5160526409745216,
    0.5065737519235838,
    0.47297813424042295,
    0.4593353367277554,
    0.5414062979675475,
    0.5281526336357707,
    0.5790706461384183,
    0.5819477446022487,
    0.5385978707954997,
    0.5589792781642505,
    0.5597571677395276,
    0.5976025586326917,
    0.5694589270722299
  ],
  "val_acc": [
    0.25981308411214954,
    0.27214953271028036,
    0.31626168224299067,
    0.3263551401869159,
    0.325981308411215,
    0.30280373831775703,
    0.27925233644859815,
    0.3128971962616822,
    0.3390654205607477,
    0.2986915887850467,
    0.25570093457943927,
    0.25981308411214954,
    0.28261682242990654,
    0.2964485981308411,
    0.26766355140186915,
    0.2736448598130841,
    0.2867289719626168,
    0.27551401869158876,
    0.26654205607476633,
    0.28261682242990654,
    0.27551401869158876,
    0.28261682242990654,
    0.2863551401869159,
    0.27738317757009345,
    0.28261682242990654,
    0.24897196261682242,
    0.2560747663551402,
    0.2583177570093458,
    0.2553271028037383,
    0.2635514018691589,
    0.2927102803738318,
    0.2616822429906542,
    0.25719626168224297,
    0.262803738317757,
    0.27476635514018694,
    0.262803738317757,
    0.2594392523364486,
    0.26878504672897197,
    0.24485981308411214,
    0.2758878504672897,
    0.2829906542056075,
    0.2717757009345794,
    0.28897196261682245,
    0.2672897196261682,
    0.25719626168224297
  ],
  "val_reward": [
    64.50000000000367,
    113.10000000000818,
    473.6999999999756,
    410.09999999998394,
    494.09999999997456,
    360.7999999999616,
    -27.99999999999969,
    434.39999999998446,
    427.9999999999867,
    187.10000000000687,
    -256.89999999999327,
    -111.49999999999636,
    -11.699999999992999,
    131.10000000000946,
    -47.099999999998715,
    -53.99999999999783,
    -151.79999999999526,
    -16.4999999999994,
    -11.099999999999492,
    139.799999999999,
    -76.89999999999314,
    -145.19999999999746,
    4.200000000003628,
    6.000000000010893,
    -213.29999999999495,
    -268.2999999999956,
    -267.399999999995,
    -121.99999999999628,
    -293.19999999999834,
    -164.39999999999398,
    -133.4999999999969,
    -193.79999999999515,
    -165.09999999999474,
    -152.39999999999614,
    -70.39999999999762,
    -142.59999999999323,
    -174.49999999999494,
    -133.39999999999563,
    -358.00000000000284,
    -106.0999999999941,
    -156.4999999999971,
    -105.19999999999763,
    -118.09999999999772,
    -223.29999999999563,
    -172.79999999999575
  ],
  "val_trades": [
    1625,
    1719,
    1773,
    1409,
    1729,
    2232,
    2000,
    2056,
    1840,
    1899,
    1979,
    2145,
    2127,
    2139,
    2301,
    2140,
    2058,
    2095,
    2141,
    2182,
    2019,
    1852,
    2138,
    2220,
    2023,
    2153,
    2014,
    2300,
    2172,
    2284,
    2005,
    2158,
    2281,
    2364,
    2304,
    2246,
    2275,
    2354,
    2380,
    2271,
    2095,
    2212,
    2151,
    2283,
    2288
  ]
}