mean_daily_pnl,std_daily_pnl,worst_day_pnl,best_day_pnl,prob_losing_day,total_days
0.461946048313222,1.5818664407967196,-2.1075976081192493,6.83127681959041,0.41935483870967744,124
