model,n_trades,win_rate,profit_factor,sharpe
transformer,31,0.4838709677419355,1.575350067544808,7.659308600440516
bilstm,19,0.631578947368421,3.4630631421547027,19.312778709768168
