{
  "train_loss": [
    0.37538825434471484,
    0.36199094675764254,
    0.36063817985953156,
    0.361833469399923,
    0.35614342478257194,
    0.353678823146136,
    0.35397645504162784,
    0.3520309303883259,
    0.3522681319763892,
    0.34885202467693055,
    0.34520151595023113,
    0.3475359015575441,
    0.34208977914057703,
    0.34347084579588494,
    0.3406718021203697,
    0.3402664562066396,
    0.3425806432585173,
    0.3378818417400247,
    0.33645937965892037,
    0.33211813282363023,
    0.3345314793697389,
    0.3295850688395118,
    0.3292596977722796,
    0.32527033563404645,
    0.32306919294067576,
    0.32085983442606303,
    0.3196521998709264,
    0.31673589788911716,
    0.3186733561729077,
    0.3162230858697167,
    0.3148486726143189,
    0.31368433819289954,
    0.3118173221621332,
    0.3119847663218462,
    0.308001042355465,
    0.29963157832119536,
    0.3017071546507284,
    0.2966078668832779,
    0.29691980930068823,
    0.2873792834422759,
    0.285451970019924,
    0.283200875113282,
    0.27591674960363766,
    0.2764369614642381,
    0.27355417898435636,
    0.2703463921189811,
    0.2734186608454346,
    0.2690892640171172
  ],
  "train_acc": [
    0.24940648905302032,
    0.245317858084938,
    0.2589026642046953,
    0.27472962279082036,
    0.268860458981799,
    0.2868636243735162,
    0.2882484832498022,
    0.297085201793722,
    0.2861382221049855,
    0.2962279082036402,
    0.3032840939066209,
    0.3024268003165392,
    0.30262463729886574,
    0.3104062252703772,
    0.30677921392772356,
    0.3118570298074387,
    0.3146926932207861,
    0.32557372724874706,
    0.32155104194144024,
    0.323925085729359,
    0.325441835927196,
    0.33652070693748354,
    0.32669480348193086,
    0.3333553152202585,
    0.34502769717752574,
    0.33328936955948296,
    0.33750989184911634,
    0.34542337114217886,
    0.3345423371142179,
    0.33757583750989184,
    0.3533368504352414,
    0.34548931680295436,
    0.3541941440253231,
    0.3547876549723028,
    0.3612503297283039,
    0.3669876022157742,
    0.37239514639936694,
    0.3797151147454497,
    0.37905565813769454,
    0.3958058559746769,
    0.3896069638617779,
    0.39362964916908466,
    0.40404906357161696,
    0.4069506726457399,
    0.4085333685043524,
    0.4075441835927196,
    0.399498812978106,
    0.40958849907676076
  ],
  "val_loss": [
    0.35717169018018813,
    0.3578989072924569,
    0.36693339475563597,
    0.3531597767557417,
    0.3427653596514747,
    0.3445024781283878,
    0.34234463175137836,
    0.33841246579374584,
    0.34426882508255185,
    0.34200669683161233,
    0.34030636080673765,
    0.3386304946172805,
    0.34414802278791157,
    0.34144415174211773,
    0.3431483879685402,
    0.34174149873710813,
    0.3446246364286968,
    0.3454353678084555,
    0.34567852814992267,
    0.34930662030265447,
    0.36236785423187984,
    0.3688431297029768,
    0.36978218527067275,
    0.3756957934016273,
    0.3825355785943213,
    0.35880643945364726,
    0.368171730921382,
    0.3700731818874677,
    0.3778426395285697,
    0.37778388673350927,
    0.3903412226410139,
    0.3789332924144609,
    0.3877092968849909,
    0.3841621620314462,
    0.4024383134785153,
    0.4117705147890818,
    0.40137974634057,
    0.44093776849054156,
    0.4209841475600288,
    0.4376953567067782,
    0.43476708233356476,
    0.42074065868343624,
    0.4354358727023715,
    0.4536219629503432,
    0.5134063473060018,
    0.4645762305174555,
    0.4562690229642959,
    0.45936876428978785
  ],
  "val_acc": [
    0.22280373831775702,
    0.23476635514018693,
    0.2474766355140187,
    0.2444859813084112,
    0.3121495327102804,
    0.30654205607476637,
    0.2882242990654206,
    0.3297196261682243,
    0.2497196261682243,
    0.31626168224299067,
    0.32485981308411216,
    0.32373831775700934,
    0.3016822429906542,
    0.3147663551401869,
    0.3188785046728972,
    0.3274766355140187,
    0.325981308411215,
    0.3016822429906542,
    0.30616822429906543,
    0.2979439252336449,
    0.26691588785046727,
    0.2672897196261682,
    0.26766355140186915,
    0.29495327102803737,
    0.2508411214953271,
    0.27738317757009345,
    0.25345794392523363,
    0.2900934579439252,
    0.27476635514018694,
    0.2777570093457944,
    0.2444859813084112,
    0.2575700934579439,
    0.2523364485981308,
    0.27738317757009345,
    0.2583177570093458,
    0.2699065420560748,
    0.25644859813084114,
    0.2422429906542056,
    0.26317757009345794,
    0.2717757009345794,
    0.26542056074766357,
    0.27401869158878506,
    0.2639252336448598,
    0.27214953271028036,
    0.2699065420560748,
    0.2702803738317757,
    0.28186915887850467,
    0.2874766355140187
  ],
  "val_reward": [
    -359.7000000000183,
    0.0,
    -150.600000000003,
    -281.4000000000116,
    433.5999999999884,
    304.3999999999947,
    171.20000000000655,
    649.5999999999707,
    164.2000000000047,
    436.29999999998364,
    405.79999999999166,
    300.79999999999217,
    352.5999999999943,
    442.6999999999844,
    523.099999999967,
    360.09999999998973,
    465.29999999998233,
    409.2999999999822,
    293.29999999999546,
    216.9000000000015,
    49.80000000000385,
    69.50000000000645,
    5.000000000003247,
    207.10000000000093,
    -220.6999999999931,
    -2.2999999999944376,
    -126.39999999999783,
    152.40000000000637,
    6.400000000000524,
    29.400000000001384,
    -228.99999999999167,
    -108.09999999999836,
    -184.39999999999236,
    -5.6999999999993705,
    -149.59999999999295,
    -111.89999999999763,
    -120.09999999999457,
    -316.2999999999952,
    -173.29999999999552,
    -120.29999999999775,
    -142.5999999999953,
    -149.6999999999976,
    -152.59999999999366,
    -82.29999999999873,
    -249.59999999999482,
    -162.4999999999919,
    -17.399999999999306,
    -105.59999999999852
  ],
  "val_trades": [
    1887,
    0,
    1806,
    1714,
    2104,
    2236,
    1368,
    1784,
    1178,
    2127,
    1362,
    1152,
    1934,
    1823,
    2219,
    1429,
    1937,
    1977,
    1697,
    1661,
    1562,
    1915,
    1930,
    2139,
    2077,
    1733,
    1584,
    2156,
    1936,
    2046,
    1910,
    2171,
    2084,
    2267,
    2256,
    2149,
    2251,
    2393,
    2263,
    2313,
    2326,
    2307,
    2306,
    2293,
    2216,
    2235,
    2314,
    2216
  ]
}