{
  "train_loss": [
    0.5380612650752571,
    0.35919443665677486,
    0.3571254453830075,
    0.3524005924850577,
    0.347614452054229,
    0.3464898746224898,
    0.3432273212112958,
    0.34111448122730736,
    0.33780123752380725,
    0.34100088175339033,
    0.3351019145567206,
    0.3354512261941966,
    0.3295062063615533,
    0.3320150970155177,
    0.3276674689622871,
    0.3272477809638414,
    0.3288566140685906,
    0.32709461431714554,
    0.3211598410762312,
    0.3207085404843721,
    0.31911187093972154,
    0.31708180684329085,
    0.3180049459768247,
    0.320000676666131,
    0.3205738630350129,
    0.31485502258383274,
    0.316191236681073,
    0.3160424653110625,
    0.31443297504624235,
    0.3129119187090467,
    0.310803982464573,
    0.31320905025246776,
    0.30988545263115364,
    0.3071619219417813,
    0.3148766562405518,
    0.3072496667064192,
    0.3013734838253335,
    0.29735295556265595,
    0.29547934724560265,
    0.29405919088341514,
    0.29612351469852755,
    0.29267508451697194,
    0.2901766455500438,
    0.29009712823835604,
    0.2866264696111156,
    0.28848859101911134,
    0.2899191175206301,
    0.28570126682394165,
    0.2902622279487079
  ],
  "train_acc": [
    0.2958981798997626,
    0.2867976787127407,
    0.29609601688208914,
    0.2989976259562121,
    0.3023608546557637,
    0.30862569242943816,
    0.32372724874703246,
    0.3165391717225007,
    0.31581376945396994,
    0.3193088894750725,
    0.32438670535478764,
    0.3297283038776049,
    0.3289369559482986,
    0.3286731733051965,
    0.33856502242152464,
    0.34133474017409654,
    0.33988393563703506,
    0.35168820891585334,
    0.3515563175943023,
    0.34931416512793456,
    0.34924821946715906,
    0.3494460564494856,
    0.3532709047744658,
    0.3523476655236085,
    0.3532709047744658,
    0.3568979161171195,
    0.35366657873911894,
    0.3597995251912424,
    0.3617119493537325,
    0.35729359008177264,
    0.3619757319968346,
    0.3698232656291216,
    0.36105249274597734,
    0.3661303086256924,
    0.36204167765761014,
    0.3670535478765497,
    0.38235294117647056,
    0.38030862569242946,
    0.3764178317066737,
    0.3787259298338169,
    0.38090213663940914,
    0.3867713004484305,
    0.3857821155367977,
    0.3848588762859404,
    0.39257451859667636,
    0.38973885518332896,
    0.3871010287523081,
    0.3974544974940649,
    0.386705354787655
  ],
  "val_loss": [
    0.34738566052346004,
    0.3510559009654181,
    0.34599602222442627,
    0.3468890136906079,
    0.3344633529583613,
    0.34811517738160636,
    0.36697290482975187,
    0.34448943606444765,
    0.3426199739887601,
    0.34455322190409615,
    0.35463317377226694,
    0.3428717805516152,
    0.35519392291704815,
    0.34817535607587724,
    0.34571635545719237,
    0.3691382110118866,
    0.35477741133599056,
    0.35235594638756346,
    0.3419410501207624,
    0.36820243973107564,
    0.36040769340026946,
    0.3799009546637535,
    0.3476970124812353,
    0.34914458401146387,
    0.36697560868092943,
    0.360811795152369,
    0.35673628250757855,
    0.3578527814575604,
    0.3575439066404388,
    0.3708771286266191,
    0.3611008819370043,
    0.366687359554427,
    0.36429470493679955,
    0.3730182598034541,
    0.36187979472535,
    0.3635008455741973,
    0.38422810286283493,
    0.38037384301424026,
    0.3768954277038574,
    0.3679690808057785,
    0.3840976751276425,
    0.37895880284763517,
    0.414373123220035,
    0.42100274917625247,
    0.39573691820814494,
    0.3836746396762984,
    0.39541251496190116,
    0.40455014790807453,
    0.39559362012715565
  ],
  "val_acc": [
    0.2639252336448598,
    0.2635514018691589,
    0.3147663551401869,
    0.3611214953271028,
    0.3349532710280374,
    0.3069158878504673,
    0.27738317757009345,
    0.3338317757009346,
    0.3514018691588785,
    0.3768224299065421,
    0.29906542056074764,
    0.3233644859813084,
    0.31177570093457946,
    0.3102803738317757,
    0.33607476635514016,
    0.30990654205607476,
    0.3125233644859813,
    0.29570093457943925,
    0.32485981308411216,
    0.3244859813084112,
    0.32037383177570095,
    0.29345794392523367,
    0.325981308411215,
    0.2882242990654206,
    0.29345794392523367,
    0.30803738317757007,
    0.3005607476635514,
    0.2983177570093458,
    0.3121495327102804,
    0.30728971962616825,
    0.3435514018691589,
    0.2848598130841121,
    0.3177570093457944,
    0.30317757009345797,
    0.30654205607476637,
    0.29757009345794394,
    0.2979439252336449,
    0.32149532710280376,
    0.30542056074766355,
    0.2960747663551402,
    0.2983177570093458,
    0.3057943925233645,
    0.325981308411215,
    0.30317757009345797,
    0.33084112149532713,
    0.2848598130841121,
    0.308411214953271,
    0.28598130841121494,
    0.30429906542056073
  ],
  "val_reward": [
    203.5000000000055,
    60.20000000000695,
    337.499999999989,
    386.8999999999921,
    514.0999999999701,
    434.3999999999719,
    -29.299999999999596,
    578.999999999968,
    645.4999999999784,
    685.4999999999765,
    63.00000000000306,
    568.5999999999668,
    219.99999999999656,
    233.6999999999943,
    459.69999999996753,
    355.49999999998147,
    244.1999999999944,
    304.59999999996916,
    542.0999999999701,
    481.69999999996696,
    498.1999999999815,
    126.20000000000371,
    508.59999999996785,
    213.59999999999806,
    183.5000000000005,
    373.19999999998197,
    263.59999999997893,
    205.799999999996,
    352.3999999999762,
    216.39999999999284,
    348.7999999999862,
    89.6000000000075,
    439.6999999999699,
    238.09999999999263,
    315.8999999999831,
    107.90000000001032,
    246.19999999998853,
    413.3999999999702,
    259.79999999997733,
    241.79999999997543,
    173.0000000000108,
    166.7000000000081,
    230.49999999998957,
    85.80000000001093,
    378.5999999999724,
    85.90000000001089,
    198.39999999999893,
    105.00000000001069,
    261.2999999999867
  ],
  "val_trades": [
    1495,
    1818,
    1755,
    801,
    1929,
    1896,
    2063,
    1990,
    1555,
    1715,
    1870,
    2014,
    1960,
    2053,
    2033,
    2095,
    1858,
    2134,
    2169,
    2093,
    1838,
    1838,
    2054,
    2104,
    2015,
    2028,
    2044,
    2322,
    2156,
    2116,
    1752,
    2264,
    2113,
    2209,
    2211,
    2051,
    2198,
    2206,
    2222,
    2122,
    2050,
    2023,
    2045,
    2202,
    2154,
    2231,
    2016,
    2130,
    2097
  ]
}